book_id,author_id
1,1
2,2
2,3
7,3
18,3
26,3
41,3
42,3
45,3
46,3
47,3
48,3
49,3
50,3
51,3
52,3
53,3
54,3
55,3
56,3
57,3
58,3
2620,3
6205,3
6206,3
6207,3
6208,3
6209,3
6210,3
6211,3
6212,3
6213,3
73,3
75,3
76,3
1612,3
1493,3
1621,3
2518,3
89,3
2553,3
3457,4
3,4
3526,4
9,4
3499,4
4,5
2886,5
10,5
2859,5
11,5
2892,5
99,6
100,6
5,6
102,6
6,6
5062,6
3660,6
8,7
3515,8
12,8
23,8
3648,9
3649,9
3650,9
13,9
407,9
408,9
3647,9
2852,10
14,10
3648,11
3651,11
3428,11
2245,11
3557,11
2219,11
15,11
16,11
2223,11
274,11
275,11
3504,11
2198,11
5660,11
3644,11
3645,11
3647,11
15,12
16,13
3896,13
3456,14
1802,14
1803,14
17,14
401,14
5521,14
404,14
1822,14
4899,14
4901,14
4903,14
4904,14
4906,14
4908,14
4909,14
4910,14
3503,14
4913,14
3522,14
3429,14
3433,14
6763,14
3436,14
3450,14
3456,15
3522,15
3429,15
4901,15
4903,15
4904,15
1802,15
1803,15
3436,15
4909,15
4910,15
6763,15
17,15
401,15
4913,15
404,15
3450,15
1822,15
4364,16
4333,16
19,16
4371,16
4372,16
4373,16
4345,16
4346,16
30,16
4564,17
20,17
21,17
22,17
24,18
25,18
2406,18
1573,19
1589,19
3513,19
27,19
3548,19
5181,19
28,20
1898,21
3854,21
3855,21
2003,21
3571,21
3574,21
3575,21
29,21
31,22
2016,23
1746,23
1750,23
1758,23
31,23
31,24
32,25
2050,25
4024,25
33,26
1884,26
1869,26
4179,26
1052,26
1053,26
4241,27
34,27
2022,27
4338,28
35,28
5921,29
36,29
5695,29
36,30
6694,31
37,31
3734,31
38,32
2593,33
2594,33
2948,33
39,33
1843,33
3863,33
1852,33
3712,34
3718,34
3722,34
3723,34
6415,34
1938,34
3742,34
3743,34
40,34
3768,34
3769,34
3264,34
65,34
66,34
1347,34
68,34
1348,34
1349,34
1351,34
1352,34
1353,34
1354,34
2500,34
2503,34
2505,34
3786,34
4297,34
2513,34
82,34
3710,34
1780,34
1781,34
5623,34
1790,34
3711,34
3764,35
43,35
3740,35
4606,35
5988,36
394,36
44,36
4334,36
86,36
87,36
3746,37
2501,37
1350,37
81,37
3732,37
1783,37
59,37
60,38
3364,39
1575,39
265,39
6634,39
3406,39
5622,39
6808,39
4441,39
4413,39
61,39
517,40
4294,40
6118,40
1000,40
4296,40
3632,40
1169,40
500,40
3638,40
62,40
63,41
64,42
90,42
3579,42
6546,42
3776,43
1353,43
66,43
2501,43
2689,44
194,44
515,44
67,44
2693,44
935,44
2665,44
2666,44
4298,44
2735,44
2715,44
69,45
70,46
264,46
5769,46
4878,46
272,46
1081,47
1084,47
71,47
72,48
4337,48
4330,48
6501,49
6502,49
2023,49
1544,49
6503,49
74,49
77,50
4071,51
4072,51
4075,51
78,51
79,51
4079,51
6096,51
83,51
84,51
2483,51
2485,51
2490,51
80,52
3778,52
722,52
82,53
83,54
4516,55
4519,55
4520,55
4521,55
4522,55
4523,55
2670,55
85,55
2205,55
88,56
4473,56
5811,56
91,57
444,57
92,58
6805,58
4962,59
4969,59
655,59
1462,59
93,59
5125,60
5126,60
5127,60
4984,60
4985,60
4956,60
94,60
98,61
6225,61
4369,61
4124,61
95,61
96,62
901,62
4109,62
4085,62
4086,62
4087,62
5530,62
3323,62
97,63
4100,64
101,64
5476,64
4136,64
555,64
4111,64
4113,64
626,64
4088,64
607,64
4225,65
103,65
3209,65
3157,65
6809,65
104,66
104,67
1336,67
105,68
106,69
107,70
108,71
109,72
110,73
111,74
112,75
112,76
113,77
2799,77
4176,78
114,78
1079,78
4427,79
115,79
5989,80
6726,80
4272,80
6706,80
116,80
6047,80
5246,80
4159,80
116,81
117,82
118,83
129,84
402,84
538,84
2335,84
3365,84
3367,84
3368,84
3627,84
3628,84
301,84
3373,84
3374,84
176,84
3375,84
3377,84
3629,84
4290,84
4575,84
2530,84
119,84
120,84
121,84
122,85
516,86
229,86
165,86
299,86
3707,86
4848,86
306,86
247,86
1721,86
123,86
263,87
5319,87
298,87
6100,87
214,87
348,87
6102,87
5532,87
6075,87
124,87
189,87
125,88
610,89
6692,89
233,89
875,89
269,89
727,89
4250,89
126,89
616,90
174,90
175,90
1806,90
305,90
146,90
3261,90
3257,90
1787,90
3005,90
318,90
127,90
128,91
352,91
3586,91
131,91
3620,91
293,91
398,91
3606,91
343,91
345,91
130,92
177,92
149,92
151,92
153,92
4395,93
132,93
414,93
1575,93
4258,94
133,94
166,94
167,94
422,94
423,94
424,94
206,94
468,94
469,94
316,94
350,94
468,95
133,95
133,96
193,97
134,97
431,98
135,98
136,99
3843,100
518,100
137,100
2730,100
138,100
5302,100
4183,100
155,100
139,101
3708,102
514,102
140,102
141,103
142,104
442,104
6000,104
4146,104
245,104
181,104
246,104
282,104
353,105
300,105
3599,105
143,105
378,105
2860,106
2861,106
1646,106
3502,106
144,106
1619,106
3635,106
3637,106
2230,106
3511,106
145,107
289,108
3272,108
2190,108
2191,108
2192,108
3825,108
3826,108
147,108
4152,108
3631,109
148,109
2836,109
4151,109
3039,109
5984,110
2213,110
2000,110
2005,110
150,110
152,110
235,111
3471,111
3472,111
210,111
3483,111
2229,111
3484,111
154,111
283,111
284,111
6148,112
4496,112
156,112
157,112
6052,112
6053,112
6566,112
6056,112
6057,112
2218,112
6058,112
5804,112
301,112
6059,112
6061,112
2225,112
436,112
440,112
205,112
6391,112
158,113
159,114
5603,114
5828,114
5605,114
1382,114
4710,114
5831,114
3060,114
3188,114
3413,114
4410,114
2363,114
1407,114
160,115
161,116
162,117
163,118
164,119
168,120
520,120
420,121
359,121
360,121
169,121
3700,121
309,121
5716,121
170,122
171,123
310,124
171,124
395,124
182,124
5601,125
172,125
285,125
173,126
178,127
178,128
179,129
490,130
396,130
498,130
243,130
180,130
244,130
501,130
254,130
225,131
226,131
227,131
258,131
259,131
451,131
231,131
295,131
519,131
4227,131
4994,131
4945,131
183,131
281,131
4094,131
255,131
3459,132
6603,132
2188,132
3565,132
4301,132
3507,132
3038,132
5494,132
6455,132
184,132
3642,132
4861,132
3454,132
185,133
186,134
186,135
237,136
238,136
239,136
209,136
2226,136
187,136
4426,137
2224,137
5105,137
3895,137
188,137
290,138
291,138
357,138
1555,138
190,138
192,139
302,139
271,139
270,139
191,139
195,140
446,140
429,140
5470,140
5471,140
196,141
197,142
198,142
399,142
410,142
411,142
3487,143
417,143
403,143
199,143
200,144
1541,145
4502,145
1713,145
1714,145
1715,145
1594,145
1595,145
1604,145
1477,145
1605,145
201,145
202,145
1610,145
1618,145
4306,145
215,145
216,145
1625,145
1626,145
1627,145
217,145
218,145
1508,145
4597,145
1527,145
2201,146
203,146
2206,146
1111,146
960,147
3168,147
5538,147
777,147
204,147
5676,147
1170,147
1299,147
5108,147
6396,147
5591,147
5593,147
1211,147
5596,147
6111,147
3460,148
4149,148
207,148
208,149
211,150
212,151
213,152
1064,153
6605,153
6606,153
6607,153
6609,153
6610,153
219,153
3102,153
5407,153
5217,154
1794,154
1795,154
466,154
220,154
1022,154
221,155
222,155
223,156
224,157
441,157
1037,157
228,158
230,159
232,160
234,161
308,161
236,162
240,163
256,163
241,164
2233,164
1853,164
242,165
492,165
2824,166
2825,166
941,166
2832,166
3378,166
3379,166
1076,166
248,166
990,166
249,167
250,168
251,169
2082,170
252,170
253,171
257,172
257,173
260,174
3232,175
5379,175
5380,175
261,175
5381,175
5384,175
5388,175
302,175
5375,175
425,176
1410,176
262,176
266,177
267,178
1607,179
268,179
1614,179
3539,179
3540,179
3541,179
3550,179
273,180
3782,180
276,181
277,182
3744,183
277,183
277,184
278,185
279,185
1921,186
4581,186
3080,186
3087,186
4856,186
3089,186
5490,186
5491,186
4855,186
280,186
5239,186
3099,186
1116,186
5454,187
433,187
434,187
437,187
286,187
287,188
288,189
304,190
4569,190
5554,190
292,190
294,191
295,192
296,193
386,193
344,193
297,194
300,195
300,196
3104,197
3552,197
3558,197
302,197
3103,197
3551,197
302,198
354,199
375,199
342,199
303,199
497,200
426,200
307,200
502,200
310,201
503,202
3677,202
504,202
493,202
505,202
506,202
507,202
2262,202
311,202
312,202
313,202
314,202
315,202
508,202
509,202
3678,202
5791,202
317,203
367,204
319,204
320,205
321,206
364,206
6519,206
322,207
323,208
356,208
3404,208
1070,208
1554,208
888,208
351,208
324,209
325,209
326,209
332,209
334,209
327,210
328,211
418,212
329,212
330,212
363,212
336,212
331,213
4769,214
4770,214
4771,214
4777,214
4780,214
333,214
2193,214
2194,214
2195,214
1428,214
4785,214
1942,214
2200,214
5628,214
2333,214
5089,215
5459,215
6097,215
335,215
337,216
338,217
3435,217
421,217
445,217
339,218
340,219
387,220
2532,220
388,220
2531,220
2533,220
341,220
346,221
3872,222
3873,222
3874,222
3875,222
3876,222
6576,222
347,222
4389,223
4140,223
349,223
355,224
357,225
358,226
3050,226
5073,226
3187,226
6707,226
6582,226
4953,226
361,227
5009,227
362,228
5024,229
365,229
6718,230
366,230
2416,231
367,231
368,232
368,233
369,234
370,235
371,236
1403,237
372,237
419,238
373,238
374,239
376,240
976,241
377,241
713,241
3393,242
3394,242
3395,242
3396,242
379,242
5026,243
380,243
5765,243
381,244
382,245
383,246
384,247
385,247
2018,247
389,247
583,247
391,247
1553,247
390,248
392,249
5541,249
393,250
395,251
397,252
397,253
397,254
397,255
398,256
6722,257
2758,257
400,257
6678,257
6679,257
409,257
404,258
1954,259
3465,259
405,259
6586,259
6589,259
4386,260
406,260
3839,260
4738,261
4739,261
4740,261
4239,261
4755,261
412,261
413,261
6178,261
1574,261
1583,261
1584,261
5168,261
5174,261
5176,261
5179,261
5180,261
5191,261
6506,261
4715,261
4719,261
1915,261
4732,261
416,262
415,262
425,263
427,264
1385,265
5322,265
428,265
5324,265
5330,265
5019,265
5020,265
1375,265
430,266
432,267
5458,268
435,268
5455,268
435,269
4238,269
1995,270
462,270
438,270
1981,270
439,271
706,272
1762,272
4419,272
4420,272
6488,272
1067,272
4399,272
4400,272
4408,272
6489,272
443,272
2590,272
447,273
448,274
449,274
450,275
452,276
3788,277
2540,277
453,277
3791,277
454,278
456,279
2231,279
455,279
457,280
867,281
3397,281
458,281
3387,281
3388,281
2334,281
3391,281
459,282
6431,282
460,283
5032,284
461,284
4158,284
462,285
462,286
462,287
462,288
462,289
463,290
464,291
465,292
5342,292
5562,293
467,293
3934,293
470,294
470,295
5474,296
2819,296
2820,296
2757,296
5475,296
4300,296
2765,296
471,296
2812,296
472,297
473,298
637,298
484,299
485,299
486,299
487,299
496,299
5461,299
474,299
475,299
476,299
477,300
478,301
488,302
481,302
479,302
480,303
482,303
483,303
491,303
5261,303
489,304
2170,304
494,305
495,306
499,307
4180,307
4189,307
4190,307
499,308
503,309
512,310
510,310
511,310
513,311
720,312
521,312
3735,312
1664,313
4803,313
1638,313
2920,313
522,313
2893,313
2898,313
2902,313
2906,313
2876,313
5394,314
523,314
4148,314
523,315
524,316
524,317
524,318
524,319
525,320
526,321
527,322
528,323
529,324
529,325
529,326
530,327
530,328
531,329
531,330
532,331
1193,332
533,332
534,333
535,334
536,335
537,336
538,337
538,338
608,339
3640,339
2284,339
2286,339
590,339
2287,339
2288,339
2289,339
2290,339
2291,339
2292,339
2293,339
2294,339
2774,339
539,339
5058,340
5059,340
5060,340
2405,340
3118,340
6783,340
657,340
4281,340
540,340
2399,340
540,341
2405,341
2399,341
2272,342
2273,342
2274,342
547,342
2569,342
4401,342
2264,342
2265,342
2266,342
2269,342
2268,342
541,342
2270,342
2271,342
542,343
1800,343
1801,343
586,343
1897,343
1868,343
4266,343
592,343
593,343
3095,343
1815,343
1816,343
1819,343
1789,343
574,343
544,344
543,344
545,345
572,345
5697,346
546,346
5698,346
5734,346
562,346
2423,346
1276,346
548,347
723,348
549,348
719,348
3968,349
550,349
551,349
5762,350
4007,350
552,350
4008,350
622,350
2657,351
553,351
3017,351
6558,351
4034,352
554,352
618,352
556,352
4046,352
2095,352
624,352
625,352
5774,352
563,352
4028,352
1797,353
1798,353
1932,353
1831,353
1832,353
1833,353
4394,353
557,353
6585,353
6588,353
6591,353
6594,353
1886,353
6507,353
6509,353
6510,353
5877,353
1918,353
1919,353
1825,354
557,354
558,355
1880,356
1901,356
559,356
3810,357
617,357
560,357
1492,357
4062,357
561,358
2257,359
2259,359
564,359
1695,359
2114,360
5691,360
565,360
1700,361
1125,361
1127,361
1160,361
1417,361
1391,361
4593,361
566,361
1112,361
1341,361
1342,361
741,362
567,362
4083,362
5046,362
5047,362
5049,362
5052,362
568,363
1866,363
2595,363
2573,363
2341,364
4029,364
569,364
5757,364
606,364
4513,365
4514,365
6113,365
4484,365
6114,365
2664,365
570,365
4510,365
571,366
2498,367
2504,367
1495,367
573,367
2495,367
575,368
576,369
577,369
578,369
579,369
587,369
5772,369
4050,369
6614,369
5784,369
580,370
3972,371
581,371
582,371
3975,371
3979,371
584,372
4056,373
585,373
588,374
589,375
2529,376
2395,376
2398,376
591,376
594,377
1900,377
595,378
596,379
597,379
598,379
600,379
601,379
2012,379
2013,379
599,380
4104,381
4106,381
4107,381
4141,381
602,381
1057,382
1058,382
3822,382
1009,382
690,382
691,382
5557,382
1017,382
603,382
604,382
605,382
609,383
1689,384
611,384
700,384
699,384
2276,385
612,385
613,385
614,385
615,385
6693,385
4512,386
6418,386
619,386
6750,386
1155,387
1161,387
3946,387
620,387
1164,387
1140,387
1690,387
1148,387
1150,387
2182,388
2184,388
4745,388
2846,388
2847,388
2211,388
2212,388
2853,388
2855,388
5177,388
5182,388
5183,388
5189,388
5192,388
5193,388
5194,388
5195,388
4714,388
621,388
1774,388
4360,389
623,389
2786,390
2279,390
2280,390
2762,390
2251,390
627,390
2261,390
2295,390
4320,391
674,391
3973,391
3974,391
679,391
656,391
3891,391
628,391
4341,391
4118,391
6196,391
4376,391
5758,392
629,392
1694,392
2239,392
629,393
630,394
630,395
631,396
632,397
633,398
633,399
634,400
5428,400
5429,400
6452,400
634,401
634,402
634,403
635,404
635,405
636,406
636,407
636,408
637,409
638,410
639,411
640,412
640,413
640,414
641,415
2817,416
642,416
644,416
646,416
649,416
3992,416
936,416
939,416
940,416
943,416
3652,416
3800,416
856,416
989,416
991,416
866,416
997,416
3685,416
1002,416
5493,416
763,416
643,417
725,417
985,417
922,417
923,417
926,417
964,418
645,418
965,418
966,418
1061,418
685,418
3641,418
912,418
921,418
3709,418
670,418
648,419
712,419
659,419
980,419
1044,419
758,419
759,419
760,419
650,420
3981,420
1568,421
6787,421
678,421
3624,421
651,421
1486,421
686,421
654,421
1551,421
3602,421
6129,421
5045,421
5142,421
1562,421
4506,422
652,422
4518,422
707,423
653,423
658,424
660,425
660,426
660,427
660,428
3225,429
660,429
661,430
2475,431
3980,431
662,431
2376,432
4099,432
663,432
664,433
665,433
683,433
2149,433
665,434
930,435
666,435
6299,435
1068,435
667,436
2378,437
668,437
3296,438
669,438
671,439
672,440
2464,440
3616,440
1220,440
716,440
3283,440
3070,440
895,440
3960,441
673,441
894,441
675,442
676,443
677,443
3623,443
3884,443
3614,443
680,444
6565,444
680,445
747,445
1069,445
1015,445
1016,445
681,446
911,446
5714,446
5715,446
5726,446
735,446
681,447
3700,447
735,447
682,448
684,449
687,450
688,451
689,452
6539,453
692,453
1012,453
693,454
4097,455
4098,455
754,455
1940,455
1941,455
694,455
4245,456
695,456
696,457
1064,457
2658,458
714,458
1011,458
697,458
3807,458
6112,459
5485,459
698,459
6108,459
6109,459
701,460
701,461
702,462
703,463
704,464
5074,464
2458,464
6559,464
704,465
705,466
708,467
1029,467
871,467
1033,467
1065,467
909,467
910,467
1007,467
753,467
5457,467
6708,467
6167,467
753,468
708,468
709,469
6786,470
710,470
711,470
715,471
716,472
716,473
717,474
4894,474
718,475
718,476
721,477
1944,478
2099,478
724,478
2127,478
3811,479
726,479
728,480
1856,481
1857,481
967,481
1865,481
756,481
729,481
969,482
730,482
740,482
3909,482
731,483
732,483
2085,483
2086,483
4773,484
4776,484
4782,484
751,484
4783,484
3799,484
5276,484
733,484
734,485
734,486
734,487
736,488
737,489
2090,489
2694,489
5711,489
738,490
742,490
1419,490
6287,490
5775,490
6288,490
6516,490
739,491
5164,491
5849,491
1147,491
3582,491
2527,491
741,492
743,493
744,494
3304,494
981,494
745,495
746,496
6252,496
897,497
747,497
908,497
1069,497
5133,497
5141,497
1015,497
1016,497
3903,497
748,498
749,499
6286,499
6753,500
6788,500
750,500
4592,500
885,500
6166,500
6422,500
6170,500
6172,500
6749,500
752,501
4041,501
5730,501
3995,501
754,502
6584,503
755,503
2508,503
757,504
3806,504
761,505
6331,505
2821,505
6720,506
993,506
3809,506
854,506
762,506
762,507
764,508
1788,508
1510,508
3987,508
3580,508
764,509
5121,510
1763,510
932,510
933,510
3662,510
4761,510
3355,510
765,510
766,511
767,511
768,512
6113,512
6694,512
939,512
856,512
5021,512
991,512
769,513
770,514
861,514
771,515
987,515
772,516
1067,516
4749,516
942,516
6266,516
3177,517
773,517
5156,518
774,518
1196,518
815,518
789,518
1199,519
1186,519
775,519
1186,520
775,520
6298,521
4459,521
775,521
6370,522
6437,522
776,522
1197,522
3191,522
2133,522
1685,522
3189,522
6012,522
1183,522
3338,523
778,523
845,523
3342,523
819,523
859,524
779,524
2143,524
5977,525
1194,525
780,525
950,525
781,526
788,526
1048,526
1181,526
1195,526
6574,526
1330,526
949,526
6453,526
3260,526
957,526
2367,526
4677,526
3274,526
6227,526
2142,526
2148,526
3195,526
3068,526
1368,527
6713,527
1205,527
782,527
782,528
782,529
783,530
784,531
6569,532
2446,532
785,532
954,532
6395,532
946,533
786,533
3418,534
787,534
6228,534
1345,535
1232,535
817,535
818,535
1010,535
1201,535
790,535
792,535
3417,535
1340,535
827,536
791,536
1241,537
5159,537
809,537
5161,537
1292,537
1293,537
3182,537
1295,537
1298,537
793,537
2042,537
793,538
794,539
795,540
5440,541
5441,541
3074,541
835,541
1252,541
1253,541
2534,541
5446,541
6274,541
1263,541
1105,541
850,541
2547,541
3416,541
796,541
3173,542
797,542
1214,542
798,543
5438,544
804,544
3206,544
4009,544
3948,544
5677,544
846,544
3414,544
2108,544
2109,544
798,544
801,545
799,545
800,546
820,546
802,547
5851,547
803,548
805,549
806,550
3201,551
1282,551
6023,551
6407,551
1177,551
807,551
824,551
5439,551
5444,551
5445,551
5447,551
842,551
5451,551
5453,551
847,551
5584,551
4949,551
3930,551
3936,551
1386,551
3052,551
6639,551
808,552
2386,552
4060,552
3964,552
5448,553
810,553
1829,553
816,554
811,554
3053,554
3047,554
811,555
812,556
812,557
6438,558
813,558
1206,558
4206,559
814,559
4207,559
814,560
816,561
821,562
821,563
822,564
823,565
824,566
2145,567
3331,567
849,567
3190,567
5560,567
825,567
6300,567
4221,567
825,568
4103,569
843,569
1198,569
5234,569
3219,569
5107,569
826,569
6492,569
826,570
843,570
6629,570
826,571
3938,572
5926,572
1191,572
5160,572
1292,572
1293,572
1230,572
1296,572
2385,572
1239,572
828,572
3198,572
828,573
828,574
829,575
829,576
829,577
830,578
830,579
3300,580
5959,580
3592,580
5067,580
5070,580
831,580
3929,580
3935,580
831,581
832,582
833,582
841,582
3056,582
1207,582
832,583
917,583
832,584
833,584
841,584
833,585
834,586
850,587
835,587
836,588
2535,588
837,589
838,590
838,591
838,592
1187,593
839,593
840,594
5402,594
1190,594
842,595
844,596
847,597
2053,598
3945,598
5450,598
848,598
2041,598
1212,598
850,599
5222,600
6568,600
4457,600
851,600
1209,600
6043,600
852,601
853,601
6720,602
854,602
857,603
3065,603
2454,603
6400,604
3266,604
6404,604
1063,604
1192,604
2450,604
947,604
948,604
1173,604
1174,604
1175,604
1176,604
953,604
858,604
6491,604
3421,604
3262,604
2448,605
3185,605
4947,605
4444,605
860,605
3333,606
3334,606
3335,606
3336,606
3339,606
3340,606
2453,606
2456,606
3868,606
6302,606
6303,606
5157,606
6696,606
5860,606
6701,606
6702,606
6703,606
4532,606
2234,606
6204,606
5962,606
5963,606
2508,606
5964,606
5965,606
5966,606
4442,606
4443,606
4699,606
4445,606
862,606
863,606
864,606
4446,606
4447,606
4452,606
869,606
1254,606
1255,606
1256,606
1257,606
1258,606
4453,606
4454,606
4455,606
880,606
3314,606
883,606
1268,606
1396,606
865,607
962,608
868,608
1711,608
3801,609
870,609
872,610
1741,610
1742,610
974,610
975,610
873,611
874,612
2426,612
5891,613
5892,613
5907,613
3865,613
2600,613
2601,613
2606,613
2607,613
2617,613
4416,613
4417,613
2626,613
2627,613
2629,613
4555,613
2640,613
2524,613
4449,613
876,613
3831,613
2600,614
4449,614
876,614
3831,614
5812,615
877,615
5813,615
878,616
5760,617
6754,617
6755,617
5704,617
879,617
1335,617
6747,617
6748,617
6751,617
880,618
881,619
2460,619
3813,619
3991,619
882,620
883,621
1723,622
884,622
1060,623
4234,623
6410,623
887,623
6039,623
3957,623
2134,623
2135,623
2137,623
3963,623
1376,624
889,624
924,624
3204,624
890,625
4032,626
5675,626
892,626
1152,627
900,627
1156,627
1159,627
905,627
1162,627
1165,627
915,627
1149,627
1073,627
6717,627
1219,627
1106,627
1107,627
1108,627
1113,627
1118,627
1119,627
1122,627
1128,627
1131,627
1135,627
1136,627
1137,627
1138,627
1139,627
893,627
1151,627
896,628
897,629
898,630
5146,630
6583,630
898,631
3046,631
3978,631
3983,631
3985,631
3988,631
3990,631
3993,631
5146,631
5723,631
3073,632
899,632
2390,632
3258,632
959,632
902,633
1157,634
2661,634
903,634
1032,634
2062,634
914,634
1074,634
1145,634
3100,634
904,635
906,636
6271,636
4982,637
907,637
4958,637
3969,638
4005,638
3947,638
4045,638
913,638
6130,638
5724,638
916,639
5100,640
3982,640
5075,640
917,640
1311,640
5144,641
5140,641
2045,641
918,641
918,642
918,643
1570,644
4038,644
925,644
1424,644
919,644
2077,644
2078,644
5236,645
2069,645
5786,645
920,645
4025,645
4026,645
1785,646
1818,646
1883,646
927,646
928,647
929,648
6627,648
3926,648
6607,648
931,649
3719,649
934,650
937,651
938,651
5041,651
5042,651
5043,651
5044,651
3356,651
988,651
943,652
944,653
945,654
4354,654
1684,654
2447,654
2152,655
6408,655
2384,655
951,655
1213,655
6397,655
5604,656
6724,656
2791,656
6727,656
2441,656
1200,656
1204,656
6645,656
952,656
956,656
6333,656
6328,656
955,657
958,658
959,659
961,660
963,661
968,662
1042,662
970,663
971,664
3727,665
1498,665
972,665
1055,665
973,666
977,667
1050,667
1049,667
978,668
978,669
979,670
982,671
1023,672
1045,672
983,672
5130,673
5134,673
6326,673
984,673
6076,673
992,674
1019,674
1020,674
6632,674
992,675
994,676
2841,677
2826,677
995,677
2839,677
996,678
998,679
3658,680
999,680
1001,681
1002,682
1002,683
3041,684
6682,684
1003,684
5825,685
5827,685
3271,685
3175,685
1004,685
5823,685
1005,686
3421,687
1006,687
5600,688
2466,688
3949,688
1008,688
4017,688
3958,688
6647,688
4027,688
3998,688
3999,688
1826,689
1013,689
1014,690
1018,691
2678,691
1020,692
1021,693
1024,694
4971,694
5763,694
1025,695
1026,696
1034,696
1027,697
1028,698
1029,699
1030,700
1031,701
3120,702
1035,702
1036,703
1038,704
1039,705
1040,706
1041,707
1043,708
1184,709
3208,709
1046,709
5464,709
5434,709
1046,710
4210,711
4212,711
1047,711
1048,712
1051,713
6332,714
1054,714
6335,714
1054,715
1056,716
1057,717
1059,718
1059,719
2470,720
1062,720
1066,721
1069,722
1069,723
3193,724
1071,724
1072,725
1075,726
1075,727
1077,728
1077,729
1078,730
1078,731
1080,732
6338,733
2697,733
6155,733
3482,733
4178,733
1082,733
1085,733
5887,733
1089,734
1083,734
1086,735
1086,736
1087,737
1088,738
1090,739
1091,740
2794,740
2772,740
2805,740
2260,740
1092,741
1093,742
5132,742
5135,742
3920,742
4980,742
5265,743
5091,743
5243,743
1094,743
1095,744
1096,744
1098,744
1099,744
1102,744
1109,744
6613,744
6615,744
6618,744
6616,745
1098,745
1095,745
1097,746
5991,746
1319,746
1099,747
5143,747
1100,748
1100,749
1100,750
1101,751
1734,751
2944,752
1103,752
1104,753
1143,753
1105,754
1107,755
5759,756
1110,756
2071,756
1113,757
1114,758
1114,759
1115,760
1117,761
1118,762
2439,762
1120,763
1120,764
1121,765
5419,765
1122,766
1122,767
1123,768
1124,769
1126,770
1129,771
5314,771
1130,772
1132,773
1133,773
1134,773
5006,773
5007,773
1141,773
1144,773
1146,773
1142,774
1153,775
1400,776
1154,776
1163,776
2150,776
1156,777
1158,778
1163,779
1166,780
4068,781
6532,781
4070,781
2795,781
1168,781
3706,781
1170,782
4584,783
1170,783
1171,784
5974,784
1458,785
1172,785
1177,786
1188,786
3639,786
1178,787
5449,788
2444,788
3212,788
3054,788
2510,788
1179,788
2431,788
3180,789
5875,789
1180,789
5832,789
1180,790
1180,791
3169,792
1182,792
1185,793
1185,794
1185,795
1186,796
1186,797
1189,798
6309,798
1190,799
1191,800
1196,801
6403,802
3210,802
2155,802
2060,802
1198,802
3061,802
1201,803
1201,804
1202,805
3259,805
4660,805
1203,806
2043,806
1203,807
1208,808
1359,808
1209,809
1210,810
5652,810
1215,811
1215,812
1216,813
1216,814
1217,815
1218,816
1221,817
1222,818
1223,819
1224,820
1225,821
1227,821
1269,821
1267,821
3312,822
1226,822
1226,823
6406,824
5674,824
1228,824
2702,824
2927,824
1233,825
1229,825
1238,825
1231,825
1234,826
1235,827
1236,828
4112,829
1237,829
1239,830
4204,831
1239,831
1240,832
1240,833
1705,833
2075,833
4101,833
1242,834
1243,835
1243,836
1243,837
1244,838
1245,839
1246,840
5065,841
1247,841
1247,842
1247,843
1248,844
1249,845
1250,846
1251,847
1252,848
6274,849
2547,849
1253,849
1259,850
1259,851
1260,852
1261,853
1262,854
1264,855
1384,855
1265,856
1266,857
1270,858
1271,859
1271,860
1272,861
1273,862
1682,862
1273,863
1682,863
1273,864
1274,865
2578,866
1275,866
1277,866
1275,867
1277,867
6690,868
1278,868
1279,869
1280,870
1281,871
5054,871
1281,872
1281,873
1282,874
1283,875
1283,876
1283,877
1286,877
1394,878
1284,878
1285,879
4224,880
1287,880
1288,880
4205,880
6193,880
4213,880
1289,881
1289,882
3330,883
3337,883
1290,883
3309,883
3316,883
1297,884
1298,884
1291,884
1294,884
1297,885
1291,885
1294,885
6273,886
3075,886
1292,886
1293,886
5874,886
1295,887
1300,888
1301,889
1302,890
1303,891
1304,892
1305,893
3122,893
1306,894
1307,894
1308,895
1309,896
1310,897
1310,898
1312,899
1312,900
1313,901
1314,902
1315,903
1316,904
4004,904
2121,904
2122,904
2123,904
1317,905
1318,906
1318,907
1320,908
1321,909
4655,909
3155,909
6550,909
6555,909
1321,910
1322,911
1322,912
1323,913
2465,914
3170,914
5922,914
4709,914
2440,914
4458,914
1324,914
5592,914
2457,914
1325,915
3464,916
3297,916
5033,916
1326,916
1326,917
1327,918
1328,919
1329,920
1329,921
1330,922
1331,922
5408,923
5859,923
3067,923
1331,923
4857,923
3419,923
4636,923
1332,924
1333,925
1334,926
1337,927
5170,927
5169,927
1338,928
1339,929
1339,930
1340,931
1344,932
1343,932
1345,933
1346,934
1347,935
1348,935
1349,935
3722,935
3723,935
4489,936
1355,936
1366,936
1367,936
6552,936
1356,937
1356,938
1356,939
1357,940
3461,941
1358,941
1359,942
1360,943
1361,944
1362,944
1363,945
1363,946
1364,947
1364,948
1364,949
1365,950
1367,951
1367,952
1367,953
1367,954
1368,955
5420,955
1369,956
1370,957
1371,958
1372,959
1373,960
1374,961
1375,962
1375,963
1376,964
1377,965
2049,965
1379,965
5266,965
4893,965
1378,966
1380,967
1381,968
1381,969
1383,970
1383,971
1387,972
1388,973
1389,974
1390,975
2672,976
1390,976
5975,976
1390,977
1392,978
5599,978
1393,979
1395,980
3051,981
1396,981
4932,982
4933,982
4934,982
4935,982
1396,982
1397,983
1397,984
1398,985
1399,986
1399,987
1399,988
1399,989
1399,990
1399,991
1400,992
1401,993
1402,994
6401,995
5826,995
3046,995
5834,995
4172,995
1403,995
5822,995
1404,996
1405,997
2297,998
5254,998
1406,998
1408,999
1409,1000
1410,1001
1410,1002
1410,1003
1410,1004
1410,1005
1410,1006
1410,1007
1410,1008
1411,1009
3267,1009
4292,1009
1863,1009
1736,1009
3880,1009
5743,1009
5744,1009
3281,1009
4081,1009
1812,1009
1813,1009
3263,1009
1411,1010
1412,1011
1434,1012
1413,1012
5742,1012
2168,1013
2169,1013
1414,1013
5478,1014
1415,1014
4712,1014
3954,1014
2965,1014
3106,1015
3846,1015
3079,1015
1416,1015
3944,1015
5702,1015
4875,1015
3916,1015
5703,1015
3098,1015
1696,1016
1699,1016
3268,1016
4293,1016
2058,1016
1418,1016
2094,1016
5391,1016
1427,1016
3962,1016
1420,1017
3463,1017
1421,1018
2896,1019
4762,1019
2869,1019
1422,1019
1855,1020
1847,1020
4326,1020
1423,1020
1425,1021
5899,1022
5771,1022
5900,1022
1426,1022
2330,1022
2473,1023
2474,1023
1429,1023
3959,1023
1430,1024
1431,1025
1431,1026
1432,1027
1432,1028
1432,1029
1433,1030
1433,1031
1435,1032
1436,1033
1436,1034
1437,1035
1438,1036
1450,1037
1443,1037
1438,1037
1438,1038
1440,1039
4689,1039
6262,1039
1439,1039
1441,1040
6436,1040
5359,1040
5360,1040
5366,1040
5367,1040
5368,1040
2873,1040
1442,1041
1444,1042
1445,1043
1445,1044
5341,1045
5337,1045
1445,1045
1446,1046
1446,1047
1447,1048
1447,1049
1448,1050
1449,1051
1449,1052
1451,1053
1452,1054
1452,1055
1506,1056
1453,1056
1454,1057
2443,1058
4460,1058
1455,1058
1542,1059
1608,1059
1609,1059
1456,1059
1521,1059
1457,1060
1458,1061
1459,1062
1460,1063
1461,1064
1462,1065
1463,1066
1482,1067
1483,1067
1484,1067
1489,1067
1464,1067
1465,1068
1476,1068
1559,1068
1473,1069
1466,1069
3803,1069
1709,1069
1467,1070
1468,1071
1469,1072
1470,1073
4339,1074
1471,1074
1472,1075
1497,1075
6573,1075
1474,1076
1475,1077
1478,1078
5706,1079
1479,1079
1480,1080
1481,1081
1485,1082
1485,1083
1487,1084
1488,1085
2073,1085
6034,1085
2459,1085
1490,1086
1491,1087
1493,1088
1494,1089
1546,1090
3468,1090
3442,1090
6804,1090
1496,1090
1498,1091
1499,1092
1500,1093
1501,1094
1502,1095
1503,1096
1503,1097
1504,1098
2984,1099
1505,1099
4550,1099
1507,1100
1509,1101
3987,1102
1510,1102
1510,1103
3601,1104
3987,1104
6013,1104
1510,1104
1510,1105
3987,1106
1510,1106
1511,1107
1512,1108
1513,1109
1514,1110
3787,1110
3117,1110
2544,1110
5840,1110
6551,1110
1515,1111
1516,1112
1520,1113
1526,1113
1517,1113
1518,1113
1519,1114
1522,1115
1633,1116
1523,1116
1606,1116
1524,1117
1525,1118
1528,1119
1600,1120
6474,1120
1599,1120
1529,1120
1596,1120
1628,1120
1530,1121
1534,1121
4314,1122
1531,1122
5051,1122
1532,1123
1533,1124
1535,1125
1536,1126
1537,1127
1537,1128
1538,1129
2599,1129
2633,1129
2609,1129
2007,1129
2009,1129
2653,1129
2623,1129
1538,1130
1539,1131
1540,1132
1543,1133
1545,1134
2039,1134
1547,1135
1548,1136
1549,1137
1550,1138
1552,1139
1556,1140
1557,1141
6499,1142
6669,1142
1558,1142
1560,1143
3474,1143
6203,1143
1561,1144
4494,1144
1563,1145
1564,1145
6676,1145
1565,1146
1566,1147
5913,1148
6686,1148
1567,1148
2881,1149
1569,1149
2889,1149
3850,1149
2895,1149
2905,1149
1571,1150
4750,1150
2848,1151
1572,1151
1576,1151
1577,1151
4456,1151
1579,1151
1581,1151
5165,1151
5489,1151
1578,1152
4724,1153
1580,1153
4725,1153
4726,1153
1761,1154
2854,1154
1582,1154
4462,1154
3858,1154
5879,1154
5880,1154
5881,1154
1584,1155
6658,1156
6598,1156
4717,1156
4718,1156
1585,1156
1586,1157
3646,1157
1587,1158
4733,1158
4758,1158
6681,1159
1588,1159
1590,1160
1591,1161
5985,1162
1603,1162
2004,1162
1592,1162
1593,1162
2011,1162
6781,1162
5982,1162
1625,1163
1594,1163
1595,1163
4597,1163
1597,1164
3231,1164
1634,1165
1598,1165
1601,1166
1602,1166
1620,1166
1603,1167
4800,1168
1603,1168
4804,1168
4806,1168
2215,1168
2987,1168
3029,1168
5273,1168
5980,1168
1604,1169
1611,1170
1611,1171
1635,1172
1613,1172
1615,1173
1616,1174
1617,1175
1622,1176
1632,1177
4578,1177
4579,1177
4580,1177
3432,1177
2923,1177
1623,1177
1629,1177
1630,1177
1631,1177
1624,1178
1632,1179
1636,1180
1637,1181
1637,1182
1671,1183
1645,1183
1639,1183
1640,1184
1675,1184
6668,1184
1649,1184
2394,1184
1947,1184
1948,1184
6078,1184
1641,1185
1642,1186
1643,1187
1644,1188
2759,1189
3434,1189
3562,1189
1647,1189
4572,1189
3516,1189
2751,1189
1648,1190
2924,1190
1663,1190
1650,1191
1651,1192
1651,1193
1652,1194
1653,1195
1950,1195
1656,1196
1654,1196
2416,1197
1655,1197
1655,1198
1657,1199
1658,1200
2361,1201
1659,1201
1660,1202
2253,1202
3462,1202
1661,1203
1665,1204
3596,1204
1662,1204
1664,1205
1673,1206
1666,1206
4531,1206
1674,1206
1667,1207
1668,1208
1668,1209
1669,1210
3841,1211
1670,1211
3078,1211
5898,1211
2966,1211
2967,1211
2583,1211
2968,1211
2970,1211
2971,1211
2974,1211
2975,1211
4383,1211
2978,1211
2979,1211
2980,1211
2981,1211
2982,1211
2983,1211
3109,1211
5543,1211
2986,1211
6315,1211
2989,1211
2863,1211
1843,1211
3637,1211
5558,1211
3639,1211
4411,1211
1852,1211
3007,1211
2243,1211
4421,1211
4551,1211
3273,1211
4553,1211
4559,1211
1757,1211
1759,1211
3827,1211
3836,1211
3837,1211
5630,1211
1672,1212
5336,1213
1676,1213
1677,1213
3951,1213
1678,1214
1679,1214
1680,1215
1681,1215
1680,1216
1681,1217
1683,1218
1684,1219
1685,1220
1686,1221
1687,1222
1688,1223
1688,1224
1691,1225
4524,1225
2110,1225
1756,1226
1765,1226
5843,1226
5844,1226
5845,1226
1752,1226
1753,1226
1754,1226
1755,1226
1692,1226
1693,1226
1697,1227
1697,1228
3009,1229
1698,1229
3011,1229
1704,1229
2995,1229
2998,1229
3000,1229
3002,1229
1701,1230
4529,1231
4035,1231
1702,1231
4967,1231
2882,1232
5190,1232
1703,1232
1708,1232
5202,1232
1879,1232
1706,1233
1706,1234
1706,1235
5696,1236
1707,1236
2319,1236
2136,1236
1722,1236
1710,1237
1712,1238
1716,1239
6333,1239
1717,1240
4335,1240
2358,1241
1718,1241
1719,1242
2890,1242
2868,1242
4407,1242
1725,1242
1720,1243
1724,1244
1726,1245
1727,1246
1728,1247
1729,1248
2084,1248
4014,1248
2129,1248
4058,1248
4059,1248
1730,1249
1731,1249
1732,1249
1733,1250
1735,1251
3096,1252
1737,1252
5238,1252
3407,1252
1738,1253
3784,1254
1739,1254
3774,1254
1740,1255
1743,1256
1743,1257
1743,1258
1743,1259
1743,1260
1744,1261
2298,1261
2323,1261
4492,1261
2754,1262
2760,1262
1745,1262
1748,1262
1749,1262
2267,1262
2649,1263
1747,1263
6619,1263
1751,1264
1760,1265
6165,1265
1760,1266
6165,1266
1764,1267
1766,1268
1793,1269
1778,1269
6323,1269
1767,1269
1768,1270
6597,1271
1769,1271
6601,1271
6602,1271
3630,1271
5680,1271
5681,1271
5682,1271
3636,1271
5078,1271
5081,1271
4734,1271
1771,1272
1772,1273
6600,1274
1773,1274
1808,1275
2823,1275
2831,1275
1775,1275
1776,1276
1776,1277
1776,1278
1776,1279
1776,1280
6306,1280
6307,1280
6119,1280
1891,1281
1860,1281
4265,1281
1935,1281
1936,1281
1777,1281
1874,1281
1811,1281
1779,1281
1875,1281
1877,1281
1878,1281
1937,1281
3893,1281
2845,1281
3371,1282
3370,1282
1867,1282
1782,1282
1784,1283
1805,1283
1786,1284
2830,1284
1789,1285
1789,1286
1791,1287
1792,1288
4064,1288
1796,1288
4134,1288
2921,1288
4142,1288
4143,1288
4144,1288
3961,1288
4348,1288
4349,1288
1799,1289
1801,1290
4968,1291
1835,1291
1804,1291
1806,1292
6429,1293
1807,1293
3392,1294
3265,1294
3366,1294
4525,1294
1809,1294
1939,1294
1844,1294
1911,1294
3384,1294
1882,1294
2755,1295
2858,1295
4010,1295
1810,1295
1848,1295
1814,1296
1817,1297
1850,1297
1820,1298
1820,1299
1821,1300
4323,1301
1823,1301
6010,1301
5213,1301
5215,1301
1824,1302
1827,1303
1896,1303
3016,1303
1845,1303
1846,1303
2972,1303
1828,1304
1829,1305
1829,1306
1830,1307
1830,1308
1834,1309
1836,1310
2940,1311
1837,1311
1838,1312
1839,1313
1840,1314
1841,1315
2936,1316
1842,1316
1849,1317
1890,1317
2939,1317
5010,1317
2632,1318
3243,1318
3247,1318
2641,1318
2610,1318
3249,1318
3889,1318
1851,1318
2655,1318
1854,1319
1858,1320
1859,1321
1912,1322
1885,1322
1861,1322
5181,1323
1862,1323
1862,1324
1864,1325
4816,1326
1922,1326
1870,1326
1871,1326
1872,1327
1873,1328
1876,1329
1881,1330
1887,1331
1888,1332
2753,1332
2945,1332
3270,1332
1927,1332
3496,1332
1931,1332
2955,1332
3412,1332
3448,1332
1889,1333
6674,1333
2964,1334
5012,1334
1907,1334
1892,1334
1893,1335
4623,1335
1894,1336
1895,1337
1899,1338
1902,1339
1902,1340
1920,1341
1923,1341
1924,1341
1903,1341
1904,1342
1904,1343
1905,1344
1906,1344
1914,1344
1908,1345
1909,1346
6494,1346
1910,1347
1910,1348
1913,1349
1916,1350
1917,1351
1925,1352
1926,1353
1928,1354
1929,1355
1930,1356
1933,1357
5118,1358
1934,1358
2818,1359
1943,1359
6094,1360
6095,1360
6099,1360
1945,1360
5245,1360
1946,1361
1949,1362
1951,1363
1952,1364
5299,1364
1953,1365
5761,1366
1955,1366
2064,1366
2065,1366
5778,1366
5717,1366
5687,1366
5755,1366
5756,1366
1956,1367
6695,1367
1957,1368
1959,1368
1958,1369
1960,1370
1961,1371
1962,1372
1963,1373
1964,1374
1965,1375
1966,1376
1967,1377
1968,1378
1969,1379
1970,1380
2357,1380
2348,1380
2349,1380
1971,1381
1972,1382
1973,1383
1974,1384
3239,1385
3561,1385
5678,1385
3248,1385
3251,1385
3252,1385
2517,1385
3253,1385
1975,1385
1976,1385
1977,1385
4540,1385
1982,1385
1983,1385
1978,1386
1979,1387
1980,1388
1984,1389
1985,1390
1986,1391
1986,1392
1987,1393
1988,1393
1989,1393
1990,1394
1991,1395
1992,1396
1993,1397
1994,1398
1996,1399
1997,1400
1998,1400
1999,1400
2001,1401
3244,1402
3853,1402
2002,1402
2520,1402
5983,1402
3230,1403
4468,1403
2006,1403
4609,1404
5505,1404
5506,1404
5507,1404
4613,1404
4741,1404
5508,1404
5510,1404
5512,1404
5896,1404
5897,1404
5516,1404
5517,1404
5518,1404
5904,1404
3867,1404
4295,1404
6737,1404
2008,1404
3044,1404
4472,1404
4730,1404
4731,1404
4605,1404
4607,1404
2008,1405
2008,1406
2010,1407
2014,1408
2014,1409
2014,1410
2015,1411
2017,1412
4594,1413
2019,1413
4590,1413
2055,1413
2019,1414
2020,1415
2021,1416
2028,1416
2030,1416
2031,1416
2033,1416
2034,1416
2024,1417
2051,1418
2025,1418
2027,1418
2029,1418
2035,1418
2040,1419
2048,1419
2026,1419
2032,1420
5392,1420
2036,1421
2037,1422
3585,1423
3597,1423
2038,1423
6582,1423
3611,1423
3583,1423
3592,1424
2042,1424
2044,1425
2045,1426
2045,1427
3145,1428
2046,1428
2047,1429
2047,1430
2049,1431
3816,1432
2052,1432
6471,1432
6657,1433
3299,1433
4036,1433
4037,1433
2054,1433
2054,1434
2054,1435
2056,1436
2057,1437
4964,1437
2059,1438
3210,1439
2060,1439
2061,1440
2061,1441
2063,1442
2066,1443
3966,1444
2067,1444
3445,1444
3950,1444
2068,1445
2070,1446
2072,1447
2074,1448
2076,1449
2076,1450
2079,1451
2080,1452
4965,1452
4966,1452
4042,1452
4023,1452
6523,1452
2081,1453
2083,1454
2087,1455
2088,1456
4057,1456
2089,1457
2091,1458
5694,1458
2092,1459
2093,1460
2096,1461
4002,1461
4795,1461
4798,1461
2097,1462
2098,1463
4093,1463
2102,1463
2100,1464
2100,1465
2101,1466
2103,1467
2104,1468
6785,1469
6562,1469
4486,1469
6635,1469
6093,1469
2548,1469
6709,1469
2104,1469
6264,1469
4312,1469
2105,1470
6060,1470
2106,1471
6378,1472
2107,1472
2109,1473
2111,1474
2112,1475
2113,1476
2115,1477
2116,1478
2117,1479
2117,1480
2118,1481
4018,1481
4051,1481
5146,1481
5787,1481
2119,1482
2120,1483
5776,1483
2123,1484
2124,1485
2125,1485
2126,1485
2128,1486
2130,1487
5712,1488
6617,1488
2131,1488
2132,1489
2136,1490
6009,1491
2138,1491
2139,1491
2140,1491
2141,1492
2144,1493
3192,1493
6405,1493
6648,1493
4881,1494
2146,1494
2147,1495
4053,1496
2151,1496
2153,1497
4515,1497
2154,1498
2156,1499
2157,1500
2158,1501
2160,1502
5524,1502
2469,1502
2488,1502
2161,1503
2161,1504
2162,1505
2178,1505
2800,1506
2163,1506
4065,1507
4200,1507
4201,1507
2164,1507
5909,1507
5911,1507
2746,1507
2172,1507
4067,1508
4069,1508
2166,1508
4868,1509
4869,1509
4870,1509
4872,1509
4078,1509
2167,1509
2173,1509
2174,1509
2173,1510
2174,1510
2167,1510
2171,1511
3867,1512
2172,1512
2180,1513
2175,1513
2177,1514
2179,1514
2180,1514
2663,1514
2740,1514
2718,1514
2175,1514
2176,1515
2659,1516
2780,1516
2181,1516
2782,1516
2747,1516
2748,1516
2779,1516
2183,1517
2185,1518
3864,1519
2186,1519
3883,1519
3410,1520
2187,1520
2796,1520
3420,1520
2188,1521
2189,1522
2196,1523
2197,1524
2197,1525
2199,1526
2207,1527
2202,1527
2203,1527
2204,1527
2879,1527
2208,1528
4557,1528
4558,1528
4565,1528
4566,1528
2209,1529
2210,1530
3510,1530
2211,1531
2214,1532
2216,1533
2217,1534
2220,1535
2221,1536
2222,1537
2227,1538
2228,1539
2232,1540
2235,1541
2236,1542
6402,1543
2789,1543
4838,1543
3256,1543
2237,1543
3967,1543
2240,1544
5920,1545
2241,1545
2467,1545
3178,1545
5017,1545
4061,1545
2242,1546
2244,1547
2246,1548
3729,1549
6074,1549
6697,1549
2247,1549
2248,1550
3385,1550
2248,1551
2249,1551
2336,1552
2250,1552
4836,1552
3389,1552
2252,1553
2254,1554
2254,1555
4122,1556
2255,1556
2256,1557
2258,1558
2262,1559
5791,1559
2262,1560
2263,1561
2275,1562
2277,1563
2278,1564
2281,1565
2282,1566
2283,1567
2285,1568
2296,1569
2297,1570
2299,1571
6190,1571
6191,1571
2300,1572
2326,1572
2301,1573
3458,1574
5902,1574
3506,1574
3509,1574
3255,1574
2875,1574
3517,1574
3518,1574
3519,1574
2880,1574
3520,1574
4799,1574
2883,1574
2878,1574
4801,1574
4805,1574
2897,1574
2900,1574
5979,1574
5981,1574
6000,1574
3451,1574
3452,1574
2302,1574
3455,1574
2305,1575
2306,1575
2303,1575
2304,1576
2307,1577
2308,1578
2309,1579
2310,1580
2311,1581
2311,1582
2340,1583
4860,1583
2312,1583
2313,1583
2314,1583
2315,1583
2328,1583
6522,1583
4796,1583
5748,1584
2337,1584
2316,1584
2317,1584
2322,1585
2318,1585
2320,1586
2321,1587
5750,1587
4343,1587
6425,1588
5770,1588
6419,1588
2324,1588
2325,1589
2327,1590
2331,1591
2332,1592
2334,1593
2338,1594
3220,1594
2455,1594
2339,1595
5701,1595
2342,1595
5707,1595
2961,1595
5013,1595
5781,1595
5721,1595
2425,1596
2343,1596
2344,1597
5841,1597
2345,1598
2346,1599
2347,1599
3467,1599
2350,1600
3777,1601
2793,1601
2764,1601
2797,1601
2798,1601
2351,1601
2352,1601
2353,1601
2806,1601
3686,1602
3494,1602
2354,1602
2771,1602
3675,1602
2355,1603
2356,1604
2359,1605
2362,1606
2362,1607
2364,1608
2432,1609
5699,1609
2383,1609
3473,1609
5460,1609
6394,1609
2365,1609
3071,1609
4222,1610
2437,1610
2366,1610
2366,1611
2368,1612
2402,1612
6668,1612
2397,1612
2369,1613
2370,1614
2371,1615
2372,1616
2373,1617
3269,1618
2374,1618
4999,1618
3055,1618
6454,1618
5978,1618
6399,1619
2375,1619
2375,1620
2377,1621
2420,1621
5617,1622
2379,1622
6149,1622
2380,1623
2380,1624
2381,1625
3703,1626
5737,1626
2382,1626
2387,1626
2388,1626
3923,1626
2391,1626
2392,1626
2383,1627
2386,1628
2386,1629
2389,1630
2389,1631
2393,1632
2416,1633
2393,1633
3688,1634
3401,1634
3405,1634
3470,1634
4661,1634
2393,1634
4218,1634
2396,1635
2400,1636
2400,1637
2401,1638
2403,1639
5145,1640
3634,1640
2404,1640
4006,1640
2407,1641
2408,1642
2409,1643
2410,1644
2411,1645
2412,1646
2417,1647
2413,1647
3757,1647
6578,1648
2414,1648
2756,1649
6280,1649
6281,1649
6282,1649
2415,1649
3687,1650
3402,1650
3563,1650
2416,1650
4662,1650
2416,1651
2418,1652
3984,1653
2419,1653
2452,1653
2420,1654
2420,1655
2420,1656
2420,1657
2420,1658
2420,1659
2420,1660
2421,1661
2422,1662
2424,1663
2427,1664
5993,1665
2428,1665
2429,1666
2430,1667
2433,1668
2434,1669
2435,1670
2436,1671
2436,1672
2438,1673
2439,1674
2440,1675
2441,1676
2441,1677
2442,1678
2443,1679
2444,1680
2445,1681
3913,1682
2445,1682
2446,1683
2447,1684
2449,1685
2451,1686
3069,1686
2463,1686
2452,1687
2453,1688
2453,1689
3065,1690
2454,1690
2455,1691
2461,1692
2462,1693
2467,1694
2467,1695
2468,1696
6534,1696
4961,1697
2471,1697
6092,1697
4983,1697
4957,1697
4959,1697
2472,1698
3970,1699
5651,1699
2476,1699
2477,1700
2478,1700
2479,1700
2480,1700
2481,1700
6644,1700
2482,1701
2483,1702
2484,1703
2484,1704
2489,1705
2491,1706
2492,1707
2494,1707
5036,1708
2492,1708
2493,1709
2496,1710
2497,1711
2499,1712
2502,1713
2502,1714
2506,1715
2507,1716
2508,1717
2508,1718
2508,1719
2508,1720
2508,1721
2508,1722
2508,1723
2508,1724
2508,1725
2508,1726
2508,1727
3745,1728
2509,1728
2511,1729
2511,1730
2512,1731
4021,1731
5598,1731
2514,1732
4249,1733
3238,1733
2953,1733
2602,1733
2604,1733
2638,1733
2608,1733
2515,1733
2611,1733
2616,1733
2619,1733
2523,1733
2625,1734
3543,1734
3525,1734
2598,1734
3559,1734
3560,1734
3567,1734
3537,1734
2516,1734
2581,1734
2551,1734
3544,1734
2557,1734
3486,1734
2519,1735
5356,1736
5357,1736
5358,1736
5869,1736
5870,1736
5871,1736
5362,1736
4275,1736
5363,1736
2521,1736
3549,1736
2522,1737
2652,1737
2646,1737
2528,1738
6732,1738
2534,1739
2536,1740
2537,1741
6625,1741
2538,1742
2539,1743
2541,1744
4270,1744
2542,1745
2543,1746
2543,1747
2545,1748
2546,1749
2548,1750
2549,1751
2550,1752
2552,1753
2560,1754
2563,1754
2567,1754
2570,1754
2572,1754
2574,1754
2575,1754
2576,1754
2580,1754
2586,1754
2588,1754
2591,1754
2596,1754
5672,1754
5673,1754
2628,1754
2644,1754
2554,1754
2556,1754
2558,1754
5637,1755
2603,1755
3536,1755
2582,1755
2555,1755
2561,1756
2637,1756
2559,1756
2562,1757
2564,1758
2651,1759
2587,1759
2565,1759
2566,1760
2566,1761
2568,1762
2596,1763
2628,1763
2570,1763
2572,1763
2575,1763
2576,1763
2579,1763
2588,1763
5673,1764
2570,1764
2589,1764
2571,1765
2579,1766
2591,1766
2596,1766
2575,1766
2850,1767
2851,1767
2628,1767
3498,1767
2576,1767
3514,1767
2586,1767
2577,1768
6420,1768
6175,1768
2584,1769
4988,1769
2585,1770
5673,1771
2586,1771
2591,1771
2592,1772
2597,1773
2597,1774
2624,1775
2647,1775
2631,1775
2634,1775
2605,1775
3246,1775
6450,1775
2615,1775
2650,1775
2612,1776
2612,1777
2612,1778
2829,1779
2837,1779
2613,1779
2618,1780
2621,1781
2644,1782
2622,1782
2627,1783
2628,1784
2629,1785
3246,1786
2645,1786
2630,1786
2631,1787
2635,1788
2636,1789
3245,1789
2654,1789
2637,1790
3245,1791
3246,1791
2639,1791
2647,1791
6457,1791
6458,1791
2642,1792
4628,1792
4629,1792
4631,1792
3241,1793
2643,1793
2647,1794
2647,1795
2648,1796
2656,1797
2659,1798
2660,1799
2724,1800
2662,1800
2699,1800
2677,1800
2711,1800
2663,1801
2663,1802
2664,1803
2737,1804
2738,1804
2667,1804
2676,1804
2668,1805
2739,1805
2682,1805
2683,1805
2684,1805
3049,1806
3275,1806
2669,1806
2671,1807
4867,1808
2695,1808
2696,1808
2733,1808
2734,1808
3661,1808
4877,1808
2673,1808
2706,1808
2707,1808
2708,1808
2709,1808
2710,1808
3667,1808
2685,1808
2674,1809
2698,1810
2731,1810
4526,1810
2675,1810
2713,1810
4509,1810
3680,1811
3681,1811
3679,1811
2679,1811
5919,1811
2680,1812
5412,1812
2680,1813
2680,1814
2681,1815
2686,1816
2687,1817
2688,1818
2701,1818
5166,1818
5647,1818
3254,1818
2688,1819
2690,1820
2691,1821
2692,1822
2698,1823
2700,1824
2701,1825
3812,1826
2702,1826
2727,1827
2703,1827
2727,1828
2703,1828
2704,1829
2704,1830
3672,1831
2705,1831
3682,1831
3673,1831
3672,1832
2705,1832
3682,1832
3673,1832
2712,1833
2714,1834
2716,1835
4669,1835
4668,1835
4676,1835
2736,1836
2717,1836
2720,1837
2721,1837
2722,1837
2719,1837
2720,1838
2723,1839
2725,1840
2741,1841
2726,1841
2728,1842
2729,1843
2732,1844
2742,1845
2743,1845
2744,1846
2744,1847
2745,1848
2745,1849
2749,1850
3857,1851
3250,1851
3244,1851
2750,1851
2752,1852
3360,1853
3013,1853
2761,1853
3021,1853
2776,1853
3004,1853
4570,1854
2763,1854
2778,1855
2773,1855
2766,1855
2767,1856
2768,1857
2769,1858
2770,1859
2775,1860
2777,1861
2781,1862
2787,1863
3028,1863
2783,1863
2784,1864
2784,1865
2785,1866
3398,1866
2788,1867
5139,1868
2790,1868
2801,1869
2801,1870
2802,1871
2803,1872
2803,1873
2804,1874
2808,1875
2809,1875
2807,1875
2807,1876
2937,1877
2810,1877
2917,1877
2811,1878
2813,1879
2814,1880
2814,1881
2815,1882
2815,1883
2816,1884
2816,1885
2822,1886
2827,1887
2828,1887
2833,1888
4151,1888
2834,1889
2835,1890
6508,1890
3840,1891
3689,1891
4905,1891
4907,1891
4404,1891
4437,1891
2838,1891
4439,1891
2840,1891
2842,1892
2849,1893
2843,1893
4744,1894
2844,1894
4742,1894
4743,1894
2851,1895
2856,1896
2856,1897
2857,1898
2862,1899
2863,1900
2864,1901
6115,1901
4759,1901
4304,1901
3488,1902
2865,1902
2866,1903
2867,1904
2869,1905
2870,1906
2871,1907
2872,1908
2874,1909
2874,1910
4497,1911
2877,1911
4493,1911
2915,1912
2884,1912
2918,1912
2919,1912
3570,1912
6040,1912
3489,1913
2885,1913
2887,1913
2891,1913
5534,1913
2888,1914
3744,1915
2894,1915
4303,1915
4563,1915
2910,1915
2896,1916
4762,1916
2898,1917
2899,1918
6063,1919
6079,1919
2901,1919
2911,1919
2903,1920
2904,1921
2907,1922
2908,1923
2909,1924
2912,1925
3475,1925
3480,1925
3485,1925
2913,1926
4242,1926
4164,1926
2913,1927
2914,1928
2915,1929
2916,1930
2922,1931
5779,1931
2923,1932
2928,1933
6008,1933
2925,1933
6007,1933
3062,1934
3497,1934
2926,1934
2929,1935
2931,1935
2932,1935
2930,1936
2930,1937
2933,1938
2963,1939
5685,1939
2934,1939
2935,1939
2937,1940
2937,1941
2938,1942
2946,1942
3386,1943
2941,1943
2942,1943
2943,1944
2947,1945
4536,1946
5233,1946
2949,1946
4535,1946
2952,1947
2956,1947
2950,1947
2951,1947
2954,1948
2957,1949
2958,1950
2959,1951
2960,1952
2962,1953
2976,1954
2977,1954
3076,1954
3091,1954
3093,1954
2969,1954
3359,1954
2969,1955
2973,1956
2977,1957
4358,1958
2985,1958
4463,1958
3538,1958
5908,1958
3830,1958
3542,1958
4377,1958
4412,1958
2986,1959
2989,1959
3235,1960
3236,1960
2990,1960
3888,1961
2991,1961
2992,1962
5377,1962
4384,1963
2993,1963
4418,1963
2997,1963
5818,1964
2994,1964
2994,1965
2996,1966
2996,1967
2999,1968
3001,1969
3003,1970
3008,1971
3008,1972
3008,1973
3008,1974
3010,1975
3012,1976
3014,1977
3020,1978
3037,1978
3022,1978
3015,1978
3018,1979
3027,1979
3019,1980
3034,1981
3026,1981
3804,1981
3023,1981
3024,1982
3025,1983
3028,1984
3028,1985
3028,1986
3028,1987
3028,1988
3030,1989
3031,1989
3032,1989
3033,1989
3035,1989
3036,1989
3037,1990
3040,1991
3040,1992
3040,1993
3042,1994
3043,1995
3043,1996
3045,1997
3048,1998
3203,1998
6398,1998
3053,1999
3056,2000
3057,2001
6528,2002
5224,2002
4237,2002
3278,2002
3058,2002
3059,2002
3161,2002
3064,2003
3218,2003
5722,2003
3066,2004
3066,2005
3066,2006
3069,2007
3072,2008
3075,2009
3077,2010
3078,2011
3078,2012
3081,2013
3082,2013
3083,2013
6731,2014
3084,2014
6653,2014
4243,2015
3085,2015
3107,2016
3092,2016
3086,2016
3088,2017
3088,2018
3090,2019
3091,2020
3091,2021
4153,2022
3094,2022
3095,2023
3097,2024
3101,2025
3105,2026
3108,2027
3110,2028
3110,2029
3111,2030
3112,2031
3113,2032
3114,2033
3116,2034
3119,2035
3121,2036
3126,2036
3127,2036
3123,2037
3713,2038
3124,2038
3775,2038
3125,2039
3128,2040
3129,2041
3130,2042
3131,2043
3132,2044
3132,2045
3133,2046
3134,2047
3135,2048
3136,2049
3137,2050
5580,2050
3138,2051
3139,2052
3140,2053
3141,2054
3141,2055
3142,2056
3143,2057
3144,2058
3146,2059
3147,2060
3148,2061
3148,2062
3149,2063
3150,2064
3151,2065
3152,2066
3153,2067
3153,2068
3154,2069
3154,2070
3156,2071
5597,2072
5602,2072
3917,2072
3158,2072
3159,2073
3160,2074
3162,2075
3163,2076
3164,2077
3165,2078
3165,2079
3165,2080
3166,2081
3167,2082
3171,2083
3172,2084
5030,2085
3174,2085
5031,2085
3176,2086
3176,2087
3176,2088
3179,2089
3181,2089
3182,2090
5824,2091
3183,2091
3184,2092
3183,2092
3184,2093
3185,2094
3185,2095
3185,2096
5961,2097
6513,2097
3186,2097
6514,2097
6292,2097
6515,2097
3186,2098
3187,2099
3201,2100
3190,2100
3190,2101
3193,2102
3199,2102
3194,2103
5589,2103
3194,2104
3194,2105
6802,2106
3196,2106
3197,2107
3199,2108
3200,2109
3202,2110
3204,2111
3205,2112
3797,2113
3205,2113
3219,2114
3206,2114
5107,2114
3344,2115
3207,2115
3207,2116
3209,2117
3210,2118
6306,2119
3211,2119
3212,2120
3213,2121
5435,2122
3214,2122
3214,2123
3215,2124
3215,2125
3216,2126
3217,2127
5123,2127
3217,2128
5258,2128
5259,2128
5124,2128
3217,2129
3221,2130
3222,2131
3222,2132
3223,2133
3224,2134
3226,2135
3227,2136
3228,2137
3228,2138
3229,2139
3233,2140
3234,2141
3237,2142
3242,2143
3245,2144
3246,2145
3264,2146
3274,2147
3274,2148
3276,2149
3276,2150
3276,2151
3276,2152
3276,2153
3277,2154
3277,2155
3277,2156
3449,2157
6173,2157
3279,2157
3280,2158
3282,2159
3284,2160
3285,2161
3286,2162
3287,2163
3288,2164
3289,2165
3290,2166
3291,2167
3292,2168
3293,2169
3301,2170
3294,2170
3295,2171
3295,2172
3298,2173
3302,2174
3303,2175
3303,2176
3305,2177
3306,2178
3306,2179
3307,2180
3308,2181
3308,2182
3310,2183
3310,2184
3310,2185
3313,2186
3910,2186
3311,2186
3314,2187
3314,2188
3315,2189
3330,2190
3316,2190
3317,2191
3921,2192
4217,2192
3318,2192
3911,2192
3319,2193
3933,2194
3927,2194
3319,2194
3319,2195
3320,2196
3321,2197
3322,2198
3324,2199
3325,2200
3326,2201
3326,2202
3326,2203
3327,2204
3327,2205
3328,2206
3329,2207
3329,2208
3332,2209
3334,2210
3335,2211
3336,2212
3339,2213
3341,2214
3342,2215
3343,2216
3343,2217
3345,2218
3346,2219
3347,2220
3348,2221
3349,2222
3350,2223
3350,2224
3350,2225
3351,2226
3352,2227
3353,2228
3353,2229
4713,2230
3354,2230
4955,2230
5165,2230
3357,2231
3358,2232
3358,2233
3361,2234
3361,2235
3361,2236
3362,2237
3363,2238
3363,2239
3368,2240
3367,2240
3368,2241
3368,2242
3369,2243
3372,2244
3372,2245
3376,2246
3380,2247
4666,2248
3380,2248
3400,2249
3381,2249
3382,2249
3399,2249
6253,2250
3383,2250
3390,2251
3403,2252
3406,2253
3406,2254
3408,2255
3409,2256
3490,2256
3491,2256
3411,2257
3492,2258
3493,2258
3495,2258
3437,2258
3438,2258
3439,2258
3440,2258
3441,2258
3505,2258
3411,2258
3443,2258
3508,2258
3446,2258
3453,2258
3425,2259
3430,2259
3422,2259
3423,2260
3424,2261
3426,2262
3444,2262
3447,2262
3528,2263
6449,2263
3427,2263
3430,2264
3431,2265
3431,2266
3495,2267
3438,2267
3440,2267
3441,2267
3505,2267
3443,2267
3508,2267
3453,2267
3449,2268
6339,2268
3564,2268
3461,2269
3463,2270
3466,2271
6530,2272
6531,2272
3469,2272
3476,2273
3476,2274
3477,2275
3478,2275
6369,2276
5196,2276
3535,2276
3637,2276
3479,2276
3481,2277
3483,2278
3484,2279
3487,2280
3500,2281
3500,2282
3501,2283
3501,2284
3512,2285
3521,2286
3545,2287
3523,2287
4571,2287
3524,2288
4728,2289
4729,2289
3527,2289
4728,2290
4729,2290
3527,2290
3568,2291
3529,2291
3546,2291
3534,2291
3530,2292
3531,2293
3532,2294
3556,2295
3533,2295
3547,2296
3549,2297
3553,2298
3554,2299
3563,2300
3566,2301
3569,2302
3572,2303
3573,2304
3576,2305
3577,2306
5594,2306
5595,2306
3578,2307
3580,2308
3581,2309
3584,2310
4978,2310
3595,2310
4981,2310
3587,2311
3594,2312
3588,2312
5709,2312
3589,2313
3590,2314
4125,2315
3591,2315
3593,2316
4203,2316
3608,2317
3605,2317
3598,2317
3600,2318
3600,2319
3600,2320
3601,2321
3603,2322
3604,2323
3607,2324
3609,2325
3610,2325
3612,2326
3613,2327
3615,2328
5683,2329
3617,2329
3955,2329
3618,2330
3619,2331
3941,2332
3621,2332
3622,2332
4015,2332
3624,2333
3624,2334
3626,2335
3633,2336
3641,2337
3643,2338
3653,2339
3656,2340
3657,2340
3654,2340
3655,2341
3659,2342
3663,2343
3664,2344
3668,2344
3665,2345
3666,2346
4236,2346
4543,2347
3669,2347
4542,2347
4541,2347
3670,2348
3683,2349
3671,2349
3674,2350
3674,2351
5092,2352
3676,2352
3684,2353
3684,2354
3690,2355
3691,2356
3692,2357
3692,2358
3693,2359
3694,2360
3695,2361
3696,2362
3696,2363
3697,2364
3698,2365
3699,2366
3701,2367
3702,2368
3702,2369
3702,2370
3704,2371
3705,2372
3708,2373
6800,2374
3721,2374
3714,2374
3715,2375
3716,2375
3717,2375
3720,2376
3724,2377
3749,2377
3724,2378
3749,2378
6723,2379
3725,2379
3765,2379
3726,2380
3726,2381
3728,2382
3747,2382
3780,2382
3842,2383
3730,2383
3731,2383
3894,2383
3739,2383
3730,2384
3733,2385
3736,2386
3757,2386
3736,2387
3781,2387
3737,2388
3738,2389
3741,2390
3750,2390
3748,2391
3751,2392
3751,2393
3752,2394
4752,2394
4765,2394
3753,2395
3753,2396
3754,2397
3779,2397
5629,2397
3755,2398
3756,2399
3758,2400
4181,2401
3759,2401
3759,2402
3759,2403
3772,2404
3759,2404
3760,2405
3761,2406
3762,2407
6005,2407
3763,2408
3763,2409
3766,2410
3766,2411
3767,2412
3770,2413
4938,2413
3770,2414
3771,2415
3773,2416
3773,2417
3773,2418
3773,2419
3775,2420
3779,2421
3781,2422
3783,2423
3785,2424
3789,2425
3790,2426
4488,2427
4491,2427
3790,2427
3792,2428
3793,2429
3794,2430
3795,2431
3796,2432
3796,2433
3798,2434
3802,2435
3805,2436
6631,2436
3808,2437
3809,2438
3814,2439
3814,2440
3815,2441
4423,2442
3817,2442
4362,2442
3851,2442
3820,2442
4393,2442
4302,2442
4397,2442
5906,2442
4470,2442
3832,2442
5882,2442
5915,2442
3818,2443
4415,2443
3819,2444
3819,2445
3821,2446
3821,2447
3823,2448
3824,2449
3828,2450
4577,2451
4428,2451
3829,2451
3833,2452
3834,2453
3852,2453
4533,2453
4534,2453
3835,2454
4406,2455
3838,2455
3844,2456
4448,2457
4429,2457
3845,2457
4328,2458
4331,2458
4092,2458
3847,2458
3848,2459
3849,2460
3856,2461
3856,2462
3856,2463
3856,2464
3859,2465
3859,2466
3859,2467
3860,2468
6428,2468
3860,2469
5526,2469
3861,2470
3862,2471
3862,2472
4388,2473
4365,2473
3887,2473
4434,2473
3866,2473
3900,2473
4350,2473
3868,2474
3869,2475
3870,2476
3881,2477
3879,2477
3877,2477
3871,2477
3878,2478
3882,2479
3882,2480
3885,2481
3886,2482
3890,2483
4147,2483
3892,2484
6021,2484
6022,2484
3897,2485
5188,2486
5167,2486
5201,2486
5171,2486
5175,2486
3898,2486
3899,2487
3901,2488
3902,2489
3903,2490
3904,2491
3904,2492
3905,2493
3906,2494
3907,2495
3907,2496
3908,2497
3908,2498
3909,2499
3912,2500
3913,2501
3913,2502
3914,2503
3915,2504
3918,2505
3919,2506
3924,2507
3925,2508
3927,2509
3928,2510
5442,2511
3931,2511
5436,2511
5572,2511
3932,2512
3937,2513
3937,2514
3937,2515
3939,2516
3939,2517
3940,2518
3943,2519
3946,2520
3947,2521
3952,2522
3953,2523
3965,2524
3971,2525
3976,2526
3977,2527
3986,2528
3989,2528
3990,2528
3987,2529
3988,2530
3994,2531
3996,2532
5788,2533
3997,2533
4000,2534
4001,2535
6563,2535
6564,2535
4003,2536
4011,2537
5295,2537
4012,2538
4013,2539
4016,2540
4019,2541
5099,2541
4020,2542
4022,2543
4043,2544
4030,2544
4031,2545
4033,2546
4039,2547
4040,2548
4044,2549
4047,2550
4048,2551
4049,2552
5684,2552
5486,2552
4052,2553
5754,2554
4054,2554
4218,2555
4055,2555
4063,2556
4066,2557
4073,2558
4073,2559
4077,2560
4077,2561
4080,2562
4082,2563
5136,2564
6153,2564
4084,2564
5462,2564
4089,2565
4090,2566
4091,2567
4095,2568
4096,2569
4117,2569
4099,2570
4102,2571
4105,2572
4108,2573
4116,2573
5476,2574
4109,2574
4110,2575
4114,2576
4115,2577
4119,2578
4120,2579
4120,2580
4121,2581
4123,2582
4353,2583
4126,2583
4127,2584
4128,2585
4137,2585
4129,2586
4130,2586
4131,2587
4131,2588
4132,2589
4133,2590
4133,2591
4508,2592
4135,2592
4138,2593
4139,2594
4145,2595
4148,2596
4148,2597
4154,2598
4150,2598
4155,2599
4162,2600
4156,2600
4157,2601
6309,2601
4160,2602
4161,2603
4163,2604
4165,2605
4166,2606
4167,2607
4168,2608
4169,2608
4170,2609
4198,2609
4170,2610
4171,2611
4363,2612
4173,2612
4195,2613
4174,2613
4174,2614
4182,2615
4175,2615
4177,2616
4184,2617
4185,2618
4186,2619
4187,2619
5196,2619
6049,2620
4188,2620
4189,2621
4190,2621
4193,2622
5910,2622
4191,2622
4192,2623
4194,2624
4195,2625
5912,2626
4196,2626
5917,2627
4197,2627
4897,2628
4199,2628
4202,2629
4208,2630
4209,2631
4210,2632
4211,2633
4214,2634
4215,2635
4216,2636
4315,2636
4216,2637
4216,2638
4217,2639
4219,2640
4220,2641
4223,2642
4225,2643
4226,2644
4229,2645
4232,2646
4233,2646
4231,2646
4235,2647
6110,2647
6295,2647
4238,2648
4240,2649
4242,2650
4242,2651
4891,2652
4244,2652
4246,2653
4247,2654
4248,2655
4248,2656
4248,2657
4251,2658
4252,2659
4252,2660
4253,2661
4253,2662
4253,2663
5039,2664
4254,2664
4255,2664
4256,2665
4257,2666
4257,2667
4257,2668
4259,2669
4260,2670
4261,2671
4262,2671
4263,2671
4264,2672
4265,2673
4266,2674
4267,2675
4267,2676
5793,2677
4268,2677
4414,2677
4269,2678
4270,2679
4271,2680
4271,2681
4273,2682
4274,2683
4276,2683
4278,2683
4279,2683
4277,2684
4280,2685
4283,2686
4283,2687
4284,2688
4285,2689
4285,2690
4286,2691
4286,2692
4286,2693
4287,2694
4288,2695
4289,2696
4299,2697
4305,2698
4307,2699
4308,2700
5344,2701
5345,2701
5346,2701
5347,2701
5348,2701
5349,2701
4554,2701
4560,2701
4309,2701
4311,2701
4310,2702
4313,2703
4347,2704
4316,2704
6291,2705
4317,2705
4318,2705
4319,2705
4321,2706
4322,2707
4324,2708
4325,2709
4325,2710
4325,2711
5766,2712
4327,2712
4329,2713
4332,2714
4336,2715
4340,2716
4340,2717
4342,2718
4344,2719
4351,2720
4352,2721
4355,2722
4356,2723
4361,2724
4357,2724
4382,2724
4359,2725
4366,2726
4367,2727
4368,2728
4370,2729
4374,2730
5873,2731
4375,2731
4378,2732
4379,2733
4380,2734
4381,2735
4390,2735
4385,2736
4385,2737
4387,2738
4388,2739
4391,2740
4392,2741
4392,2742
4396,2743
5906,2744
4397,2744
4423,2744
4398,2745
4402,2746
4402,2747
5405,2747
4402,2748
4402,2749
4402,2750
4403,2751
4405,2752
4409,2753
5884,2753
5885,2753
5895,2753
4409,2754
4416,2755
4422,2756
4422,2757
4424,2758
4425,2759
4427,2760
4430,2761
5888,2762
5889,2762
5890,2762
4431,2762
5878,2762
4432,2763
4433,2764
5905,2765
4435,2765
4436,2766
4438,2767
4440,2768
4450,2769
4451,2769
4450,2770
4453,2771
4453,2772
4454,2772
4454,2773
4457,2774
4458,2774
4460,2775
4461,2776
4461,2777
4464,2778
4465,2778
4466,2779
4467,2780
4469,2781
4471,2782
4472,2783
5886,2783
5903,2783
4472,2784
4473,2785
4473,2786
4473,2787
4474,2788
5114,2788
4481,2789
4475,2789
4476,2790
4476,2791
4477,2792
4477,2793
4478,2794
4479,2795
4480,2796
4482,2797
4483,2798
4675,2799
4485,2799
4664,2799
4665,2799
4670,2799
4671,2799
4486,2800
4487,2801
4489,2802
4490,2803
5015,2803
4490,2804
4495,2805
4499,2805
4500,2805
4501,2805
4598,2805
4503,2805
4504,2805
4601,2806
4498,2806
4505,2807
4507,2808
4511,2809
4517,2810
4518,2811
4523,2812
4527,2813
4528,2814
4530,2815
4537,2816
5370,2817
4537,2817
4538,2817
5369,2817
4539,2818
4540,2819
4544,2820
4545,2821
4546,2822
4547,2823
4927,2823
4549,2824
4552,2825
4556,2826
4561,2827
4562,2828
4567,2829
4568,2830
4576,2831
4583,2831
5646,2831
4573,2831
4574,2831
4575,2832
4582,2833
4584,2834
4585,2835
4586,2836
4587,2837
4588,2838
4589,2839
4898,2840
4591,2840
4595,2841
4595,2842
4596,2843
4599,2844
4600,2845
4602,2846
4603,2846
4611,2847
4612,2847
5509,2847
5519,2847
4604,2847
4608,2848
6593,2848
4610,2848
4615,2848
4616,2848
5513,2848
5520,2848
5660,2848
4614,2849
4617,2850
4618,2851
4619,2852
4619,2853
4619,2854
4625,2855
4620,2855
4928,2856
4810,2856
4925,2856
4621,2856
4621,2857
4622,2858
4622,2859
6385,2860
4622,2860
4623,2861
4624,2862
4626,2863
4632,2864
4627,2864
6183,2864
4628,2865
4628,2866
4629,2867
4629,2868
4630,2869
4633,2870
5487,2870
4634,2871
4635,2872
4635,2873
5657,2874
4637,2874
4637,2875
4637,2876
4638,2877
4639,2878
4639,2879
4639,2880
4640,2881
4641,2882
4642,2883
4642,2884
4643,2885
4644,2885
4645,2885
4646,2885
4647,2885
4648,2886
5573,2886
4649,2887
4649,2888
4649,2889
4650,2890
4651,2891
4651,2892
4652,2893
4652,2894
4653,2895
4654,2896
4654,2897
4656,2898
4659,2899
4660,2900
4663,2901
4664,2902
4666,2903
4923,2903
4924,2903
4667,2904
4672,2905
4673,2906
4674,2906
4679,2906
4680,2906
5262,2906
4676,2907
4681,2908
4681,2909
4682,2910
4683,2911
4683,2912
4684,2913
4685,2914
5923,2915
4685,2915
4685,2916
4686,2917
4687,2918
4688,2919
4690,2920
4690,2921
4691,2922
5282,2923
4706,2923
5287,2923
5288,2923
5292,2923
5294,2923
4692,2923
4692,2924
4693,2924
5293,2924
4694,2925
4695,2926
4696,2927
4697,2928
4698,2929
4700,2930
4701,2931
4702,2932
4703,2933
4704,2934
4705,2935
4707,2936
4708,2937
4711,2938
6592,2939
5185,2939
6505,2939
4716,2939
5197,2939
6700,2939
5199,2939
5172,2939
5173,2939
4757,2939
6587,2939
4720,2940
4723,2940
4727,2940
4721,2941
4722,2941
4753,2941
4735,2942
4736,2943
5187,2943
4746,2943
4747,2943
4748,2943
5198,2943
4754,2943
4760,2943
5200,2944
4737,2944
4741,2945
6590,2946
4751,2946
5106,2947
4756,2947
6719,2947
4762,2948
4763,2949
4764,2950
4766,2951
4767,2952
4767,2953
4768,2954
4768,2955
4772,2956
4774,2957
4775,2958
4775,2959
4778,2960
4779,2961
4781,2962
4784,2963
4784,2964
4786,2965
4787,2966
4788,2967
4789,2968
4790,2969
5918,2970
4791,2970
4791,2971
4792,2972
4793,2973
4794,2974
4797,2975
4797,2976
4802,2977
4807,2978
4807,2979
4808,2980
4809,2981
4811,2982
4813,2983
6055,2983
4813,2984
4813,2985
4814,2986
4815,2987
4816,2988
4816,2989
4817,2990
4818,2991
4818,2992
4818,2993
4818,2994
4818,2995
6066,2996
6060,2996
5796,2996
4822,2996
5792,2997
6051,2997
5798,2997
5799,2997
6054,2997
6699,2997
6062,2997
6065,2997
6067,2997
4828,2997
6068,2998
4828,2998
4830,2999
4832,3000
4832,3001
4833,3002
4834,3003
4834,3004
4835,3005
4837,3006
5896,3007
4839,3007
4840,3008
4841,3008
4843,3008
4844,3008
4845,3008
4842,3009
4846,3010
4846,3011
4890,3012
5956,3012
5954,3012
4847,3012
4849,3013
4850,3014
4851,3015
4852,3016
4853,3017
4854,3018
4857,3019
4857,3020
4858,3021
4859,3022
4861,3023
5504,3024
4861,3024
4862,3025
4864,3026
4865,3026
4866,3026
4879,3026
4884,3026
4862,3026
4863,3026
4871,3027
4873,3028
4885,3028
4874,3029
4875,3030
4876,3031
4876,3032
4880,3033
4889,3034
4882,3034
4883,3034
4887,3034
4886,3035
4886,3036
4888,3037
4888,3038
4892,3039
4895,3040
4896,3041
4900,3042
4902,3042
4911,3043
4912,3044
4914,3045
4918,3045
4915,3046
4916,3047
4916,3048
4920,3049
4917,3049
5318,3049
4919,3050
4920,3051
4921,3052
4922,3053
4923,3054
4929,3055
4929,3056
4929,3057
4930,3058
4930,3059
4931,3060
4936,3061
4937,3062
4937,3063
4938,3064
4938,3065
4939,3066
4941,3067
4942,3068
4943,3069
4943,3070
4944,3071
5556,3071
4944,3072
6561,3073
4946,3073
6561,3074
4946,3074
5137,3075
5018,3075
5138,3075
4948,3075
4950,3076
4951,3077
4951,3078
4951,3079
4952,3080
6289,3080
6512,3080
4954,3081
4960,3082
4960,3083
4963,3084
4970,3085
4972,3086
4973,3087
4974,3088
4975,3089
4976,3090
4977,3091
5424,3092
4979,3092
4979,3093
4986,3094
4987,3095
4992,3096
6579,3096
4989,3096
4989,3097
4990,3098
4991,3099
4992,3100
4993,3101
4995,3102
4996,3103
4997,3104
6475,3105
4998,3105
5000,3106
5001,3107
5001,3108
5001,3109
5001,3110
5002,3111
5003,3112
5003,3113
5005,3114
5005,3115
5007,3116
5008,3117
5011,3118
5014,3119
5016,3120
5017,3121
5018,3122
5022,3123
5025,3124
5023,3124
5027,3125
5028,3126
5029,3127
5034,3128
5035,3129
5037,3130
5038,3131
5040,3132
5046,3133
5048,3134
5050,3135
5050,3136
5051,3137
5053,3138
5055,3139
5055,3140
5056,3141
5056,3142
5057,3143
5058,3144
5059,3144
5060,3144
5058,3145
5059,3145
5060,3145
5061,3146
5063,3147
5064,3148
5065,3149
5066,3150
5068,3151
5069,3152
5071,3153
5072,3154
5076,3155
5077,3156
5079,3157
5080,3158
5082,3159
5082,3160
5083,3161
6661,3161
5084,3162
5085,3162
5086,3163
5087,3164
5088,3165
5090,3166
5091,3167
5093,3168
5094,3169
5095,3170
5096,3171
5097,3172
5098,3173
5101,3174
5102,3175
5103,3176
5104,3177
5105,3178
5105,3179
5107,3180
5109,3181
5110,3181
5111,3181
5112,3182
5112,3183
5113,3184
5115,3185
5116,3186
5117,3187
5118,3188
5119,3189
5120,3190
5122,3191
5123,3192
5128,3193
5129,3194
5589,3194
5131,3195
5132,3196
5140,3197
5143,3198
5147,3199
5148,3200
5149,3201
5149,3202
5150,3203
5150,3204
5151,3205
5151,3206
5152,3207
5152,3208
5153,3209
5154,3210
5155,3211
5155,3212
5156,3213
5158,3214
5162,3215
5163,3216
5163,3217
5178,3218
5184,3219
5514,3220
5186,3220
5515,3220
5511,3220
5208,3221
5209,3221
5203,3221
5205,3221
5203,3222
5204,3222
5203,3223
5204,3223
5205,3224
5205,3225
5206,3226
5207,3227
5207,3228
5208,3229
5208,3230
5209,3231
5209,3232
5210,3233
5210,3234
5211,3235
5211,3236
5212,3237
5212,3238
5214,3239
5216,3240
5218,3241
5218,3242
5219,3243
5220,3244
5221,3245
5223,3246
5225,3247
5626,3247
5226,3248
5227,3249
6779,3250
5228,3250
5229,3251
5231,3252
5232,3253
5235,3254
5236,3255
5237,3256
5240,3257
5241,3258
5241,3259
5242,3259
5244,3260
5244,3261
6726,3262
5247,3262
5248,3263
5248,3264
5249,3265
5250,3265
5249,3266
5250,3267
5251,3268
5252,3269
5252,3270
5253,3271
5255,3272
5255,3273
5255,3274
5256,3275
5256,3276
5257,3277
5260,3278
5263,3279
5264,3280
6024,3280
5264,3281
5264,3282
5267,3283
5268,3283
5269,3283
5270,3284
5271,3285
5272,3286
5274,3287
5275,3288
5276,3289
5276,3290
5277,3291
5284,3292
5278,3292
5279,3293
5280,3294
5280,3295
5281,3296
5283,3297
5284,3298
5285,3299
5286,3300
5289,3301
5289,3302
5290,3303
5291,3304
5294,3305
5296,3306
5297,3307
5298,3308
5298,3309
5300,3310
5300,3311
5300,3312
5301,3313
5303,3314
5303,3315
5304,3316
5305,3317
5306,3318
6622,3318
5306,3319
5306,3320
5307,3321
5308,3322
5309,3323
5310,3324
5311,3325
5312,3326
5316,3327
5317,3327
5318,3328
5320,3329
5320,3330
5320,3331
5321,3332
5323,3333
5325,3334
5326,3335
5327,3336
5328,3337
5329,3338
5330,3339
5331,3340
5332,3341
5333,3342
5334,3343
5335,3344
5337,3345
5338,3346
5338,3347
5339,3348
5340,3349
5343,3350
5350,3351
5352,3352
5351,3352
5353,3353
5353,3354
5354,3355
5355,3356
5356,3357
5357,3357
5358,3357
5869,3357
5870,3357
5871,3357
5362,3357
5363,3357
5365,3357
5358,3358
5360,3359
5367,3359
5366,3359
5359,3359
5361,3360
5363,3361
5364,3362
5371,3363
5373,3363
5378,3364
5382,3364
5383,3364
5385,3364
5386,3364
6314,3364
6643,3364
5372,3364
5374,3364
5376,3365
5376,3366
5376,3367
5387,3368
5389,3368
5390,3369
5393,3370
5394,3371
5395,3372
5396,3373
5396,3374
5397,3375
5398,3376
5399,3377
5399,3378
5400,3379
5401,3380
5403,3381
5406,3382
5409,3383
5409,3384
5409,3385
5410,3386
5411,3387
5412,3388
5413,3389
5414,3390
5415,3391
5416,3392
5417,3393
5417,3394
5418,3395
5418,3396
5418,3397
5421,3398
5422,3398
5423,3399
5423,3400
5425,3401
5426,3402
5426,3403
5427,3404
5430,3405
5431,3406
5432,3407
5433,3407
5435,3408
5437,3409
5437,3410
5438,3411
5440,3412
5442,3413
5443,3414
5445,3415
5447,3415
5445,3416
5446,3417
5448,3418
5449,3419
5452,3420
5452,3421
5453,3422
5456,3423
6498,3423
5460,3424
5460,3425
5462,3426
5463,3427
5463,3428
5463,3429
5464,3430
5464,3431
5465,3432
5466,3433
5467,3434
5468,3435
5469,3436
5472,3437
5473,3438
5473,3439
5477,3440
5478,3441
5479,3442
5480,3443
5481,3444
5482,3445
5482,3446
5483,3447
5484,3448
5484,3449
5488,3450
5492,3451
5492,3452
5496,3453
5497,3454
5498,3455
5499,3456
5500,3457
5501,3458
5502,3459
5503,3460
5504,3461
5522,3462
5523,3463
5525,3464
5525,3465
5526,3466
5527,3467
5527,3468
5528,3469
5528,3470
5969,3471
5529,3471
5531,3472
5533,3472
5535,3473
5536,3474
5537,3475
5539,3476
5540,3477
5540,3478
5542,3479
5542,3480
5542,3481
5544,3482
5545,3483
5546,3484
5546,3485
5547,3486
5548,3487
5549,3487
5550,3488
6296,3489
5553,3489
5551,3489
5552,3490
5555,3491
5555,3492
5556,3493
5556,3494
5559,3495
5560,3496
5561,3497
5562,3498
5563,3499
5563,3500
5563,3501
6106,3502
5564,3502
6735,3502
5565,3503
5566,3504
5567,3505
5568,3506
5569,3506
5570,3507
5571,3508
5574,3509
5575,3510
5576,3511
5577,3512
5578,3513
5579,3513
5580,3514
5581,3515
5581,3516
5581,3517
5582,3518
5583,3519
5585,3520
5586,3521
5587,3522
5588,3523
5589,3524
5589,3525
5589,3526
5589,3527
5590,3528
5605,3529
5605,3530
5605,3531
5605,3532
5606,3533
5607,3534
5607,3535
5608,3536
5609,3537
5609,3538
6638,3538
5610,3539
5611,3540
5612,3541
5613,3542
5614,3542
5615,3542
5616,3543
5616,3544
5618,3545
5618,3546
5619,3547
5619,3548
5640,3549
6041,3549
5620,3549
5639,3549
5621,3550
5624,3551
5625,3552
5625,3553
5627,3554
5632,3555
5633,3556
5633,3557
5633,3558
5634,3559
5635,3560
5636,3561
5638,3562
5641,3563
5641,3564
5642,3565
5643,3566
5644,3567
5645,3568
5645,3569
5647,3570
5648,3571
5649,3572
5650,3573
5667,3573
5663,3573
5653,3574
5655,3575
5656,3576
5657,3577
5657,3578
5658,3579
5659,3580
5660,3581
5661,3582
5662,3583
5667,3584
5663,3584
5667,3585
5663,3585
5664,3586
5664,3587
5665,3588
5666,3589
5668,3590
6236,3590
5669,3591
5670,3592
5670,3593
5670,3594
5671,3595
5672,3596
5672,3597
5679,3598
5686,3599
5688,3600
5689,3601
5690,3602
5692,3603
5693,3604
5700,3605
5705,3606
5708,3607
5710,3608
5713,3609
5718,3610
5719,3611
5719,3612
5720,3613
6629,3614
5725,3614
5727,3615
5727,3616
5728,3617
5729,3618
5730,3619
5731,3620
5733,3621
5733,3622
5735,3623
5736,3624
5738,3625
5739,3626
5740,3627
5741,3627
5745,3628
5746,3629
5747,3630
5748,3631
5749,3632
5751,3633
5752,3634
5753,3635
5764,3636
5765,3637
5768,3638
5769,3639
5773,3640
5777,3641
5780,3642
5782,3643
5783,3644
5785,3645
5789,3646
5790,3646
5793,3647
5794,3648
5795,3648
5806,3648
6256,3648
6068,3648
6069,3648
6070,3648
6495,3648
5796,3649
5797,3650
5797,3651
5798,3652
5799,3653
5800,3654
5800,3655
5801,3656
5807,3656
5802,3657
5802,3658
5802,3659
5803,3660
5803,3661
6057,3662
5804,3662
5805,3663
5806,3664
5806,3665
5807,3666
5807,3667
5807,3668
5808,3669
5809,3670
5809,3671
5809,3672
5809,3673
5809,3674
5809,3675
5810,3676
5814,3677
5815,3678
5816,3679
5816,3680
5817,3681
5819,3682
5820,3683
5820,3684
5821,3685
5822,3686
5822,3687
5823,3688
5823,3689
5829,3690
5830,3691
5830,3692
5832,3693
5832,3694
5834,3695
5835,3696
5836,3697
5837,3698
5838,3699
5839,3700
5839,3701
5842,3702
5846,3703
5847,3704
5848,3705
5848,3706
5850,3707
5852,3708
5853,3709
5857,3710
5854,3710
5855,3711
5856,3712
5858,3713
5861,3714
5862,3715
5863,3716
5864,3717
5865,3718
5866,3719
5867,3720
5868,3721
5868,3722
5869,3723
5872,3724
5873,3725
5874,3726
5874,3727
5875,3728
5876,3729
5883,3730
5886,3731
5890,3732
5890,3733
5893,3734
5894,3734
5897,3735
5901,3736
5901,3737
5904,3738
5914,3739
5914,3740
5916,3741
5918,3742
5919,3743
6540,3744
5924,3744
5925,3745
5925,3746
5925,3747
5925,3748
5925,3749
5926,3750
5928,3751
5929,3751
6362,3751
5927,3751
5930,3752
5931,3752
5936,3752
5937,3752
5944,3752
5948,3752
5932,3753
5938,3753
6132,3753
6360,3753
6361,3753
5933,3754
5947,3755
5934,3755
5945,3756
5935,3756
5939,3757
5940,3758
5940,3759
5941,3760
5942,3761
5943,3762
5946,3763
5949,3764
5952,3765
5953,3765
5955,3765
5950,3765
5951,3765
5957,3766
5957,3767
5958,3768
5960,3769
5967,3770
5968,3771
5970,3772
5971,3773
5971,3774
5971,3775
5972,3776
5972,3777
5973,3778
5976,3779
5979,3780
5986,3781
5987,3782
5987,3783
5990,3784
5990,3785
5990,3786
6081,3787
5990,3787
5990,3788
5990,3789
5990,3790
5992,3791
5994,3792
5995,3793
5996,3794
5997,3795
5998,3796
5999,3797
6001,3798
6002,3799
6003,3800
6003,3801
6004,3802
6004,3803
6005,3804
6006,3805
6011,3806
6011,3807
6013,3808
6014,3809
6014,3810
6014,3811
6015,3812
6016,3813
6017,3814
6017,3815
6018,3816
6018,3817
6019,3818
6020,3819
6023,3820
6024,3821
6025,3822
6026,3823
6027,3824
6027,3825
6028,3826
6029,3827
6029,3828
6030,3829
6032,3830
6033,3831
6034,3832
6035,3833
6036,3834
6037,3835
6038,3836
6038,3837
6039,3838
6039,3839
6040,3840
6042,3841
6042,3842
6044,3843
6642,3844
6045,3844
6046,3845
6048,3846
6048,3847
6050,3848
6051,3849
6056,3850
6052,3850
6054,3851
6055,3852
6056,3853
6057,3854
6061,3854
6057,3855
6060,3855
6148,3855
6057,3856
6061,3857
6061,3858
6063,3859
6063,3860
6063,3861
6064,3862
6064,3863
6065,3864
6495,3864
6065,3865
6065,3866
6066,3867
6067,3868
6068,3869
6068,3870
6071,3871
6072,3872
6073,3873
6076,3874
6326,3874
6076,3875
6077,3876
6078,3877
6079,3878
6080,3879
6080,3880
6081,3881
6081,3882
6081,3883
6081,3884
6082,3885
6083,3886
6084,3887
6085,3888
6086,3889
6087,3890
6088,3891
6089,3892
6091,3892
6090,3893
6090,3894
6093,3895
6094,3896
6095,3897
6096,3898
6097,3899
6097,3900
6098,3901
6101,3902
6101,3903
6103,3904
6103,3905
6104,3906
6105,3907
6105,3908
6107,3909
6108,3910
6116,3911
6117,3912
6119,3913
6119,3914
6119,3915
6119,3916
6119,3917
6119,3918
6119,3919
6119,3920
6120,3921
6121,3922
6122,3923
6125,3923
6123,3924
6124,3924
6123,3925
6127,3925
6126,3926
6126,3927
6127,3928
6128,3929
6129,3930
6130,3931
6130,3932
6131,3933
6133,3934
6134,3934
6136,3935
6135,3935
6137,3936
6138,3937
6139,3938
6139,3939
6144,3940
6140,3940
6141,3940
6142,3941
6142,3942
6143,3943
6143,3944
6144,3945
6145,3946
6557,3946
6145,3947
6145,3948
6145,3949
6145,3950
6146,3951
6146,3952
6147,3953
6388,3953
6381,3953
6147,3954
6148,3955
6391,3955
6150,3956
6386,3957
6380,3957
6382,3957
6150,3957
6389,3958
6150,3958
6150,3959
6150,3960
6386,3961
6380,3961
6150,3961
6386,3962
6150,3962
6150,3963
6151,3964
6152,3965
6313,3965
6153,3966
6154,3967
6155,3968
6155,3969
6156,3970
6157,3971
6158,3972
6159,3973
6159,3974
6160,3975
6161,3976
6162,3977
6162,3978
6163,3979
6163,3980
6164,3981
6164,3982
6168,3983
6169,3984
6171,3985
6174,3986
6176,3987
6177,3988
6179,3989
6179,3990
6180,3991
6181,3992
6182,3993
6182,3994
6184,3995
6185,3996
6186,3997
6187,3998
6187,3999
6188,4000
6189,4001
6192,4002
6194,4003
6195,4004
6197,4005
6198,4006
6199,4007
6200,4008
6201,4009
6202,4010
6202,4011
6214,4012
6215,4013
6217,4014
6218,4015
6683,4016
6219,4016
6220,4016
6221,4017
6221,4018
6222,4019
6222,4020
6223,4021
6223,4022
6224,4023
6225,4024
6226,4025
6229,4026
6229,4027
6230,4028
6231,4029
6231,4030
6231,4031
6232,4032
6232,4033
6232,4034
6233,4035
6435,4036
6234,4036
6237,4036
6238,4036
6239,4036
6240,4037
6241,4037
6242,4037
6243,4037
6244,4037
6351,4037
6553,4037
6235,4037
6242,4038
6245,4039
6246,4040
6247,4041
6247,4042
6248,4043
6249,4043
6250,4044
6251,4045
6251,4046
6257,4047
6254,4047
6255,4047
6254,4048
6255,4048
6254,4049
6255,4049
6256,4050
6258,4051
6259,4052
6260,4053
6261,4054
6263,4055
6264,4056
6265,4057
6266,4058
6267,4059
6268,4060
6268,4061
6269,4062
6270,4062
6271,4063
6272,4064
6275,4065
6275,4066
6276,4067
6276,4068
6277,4069
6278,4070
6758,4071
6279,4071
6279,4072
6285,4073
6289,4074
6290,4075
6293,4076
6294,4077
6511,4077
6297,4078
6525,4078
6526,4078
6527,4078
6301,4079
6304,4080
6305,4081
6306,4082
6307,4083
6310,4083
6308,4084
6310,4085
6311,4086
6312,4087
6313,4088
6316,4089
6317,4090
6318,4091
6319,4092
6320,4093
6321,4094
6322,4095
6323,4096
6324,4097
6325,4098
6325,4099
6327,4100
6329,4101
6329,4102
6330,4103
6332,4104
6332,4105
6334,4106
6790,4107
6334,4107
6336,4108
6337,4109
6337,4110
6337,4111
6337,4112
6340,4113
6340,4114
6341,4115
6341,4116
6342,4117
6342,4118
6343,4119
6344,4120
6345,4121
6345,4122
6346,4123
6347,4124
6348,4125
6349,4126
6350,4126
6351,4127
6352,4128
6353,4128
6354,4129
6355,4130
6356,4131
6357,4132
6358,4133
6359,4134
6363,4135
6364,4136
6364,4137
6364,4138
6365,4139
6366,4140
6366,4141
6367,4142
6368,4143
6371,4144
6372,4145
6372,4146
6373,4147
6373,4148
6374,4149
6374,4150
6375,4151
6375,4152
6376,4153
6376,4154
6377,4155
6377,4156
6377,4157
6379,4158
6386,4159
6380,4159
6382,4159
6380,4160
6382,4160
6386,4161
6380,4161
6382,4161
6382,4162
6383,4163
6385,4164
6385,4165
6385,4166
6392,4167
6386,4167
6386,4168
6386,4169
6387,4170
6389,4171
6389,4172
6389,4173
6389,4174
6390,4175
6390,4176
6390,4177
6390,4178
6392,4179
6392,4180
6392,4181
6393,4182
6393,4183
6397,4184
6409,4185
6410,4186
6411,4187
6412,4188
6413,4189
6413,4190
6414,4191
6414,4192
6414,4193
6416,4194
6417,4195
6421,4196
6424,4197
6423,4197
6426,4198
6426,4199
6426,4200
6427,4201
6427,4202
6430,4203
6432,4204
6432,4205
6433,4206
6434,4207
6438,4208
6439,4209
6440,4209
6441,4209
6445,4209
6446,4209
6447,4209
6448,4209
6439,4210
6440,4210
6441,4210
6442,4210
6443,4210
6445,4210
6446,4210
6447,4210
6448,4210
6439,4211
6440,4211
6441,4211
6445,4211
6446,4211
6442,4212
6444,4213
6444,4214
6450,4215
6450,4216
6451,4217
6454,4218
6455,4219
6456,4220
6680,4221
6459,4221
6460,4222
6461,4223
6462,4223
6463,4223
6464,4224
6465,4225
6466,4226
6466,4227
6467,4228
6468,4228
6469,4229
6469,4230
6469,4231
6470,4232
6470,4233
6470,4234
6472,4235
6473,4236
6743,4236
6474,4237
6474,4238
6474,4239
6476,4240
6476,4241
6477,4242
6478,4242
6478,4243
6478,4244
6478,4245
6479,4246
6480,4247
6480,4248
6484,4248
6487,4248
6480,4249
6481,4250
6481,4251
6482,4252
6483,4253
6484,4254
6484,4255
6486,4255
6485,4256
6485,4257
6485,4258
6490,4259
6744,4260
6493,4260
6493,4261
6493,4262
6494,4263
6495,4264
6496,4265
6497,4266
6580,4267
6500,4267
6504,4268
6504,4269
6510,4270
6517,4271
6518,4272
6520,4273
6521,4274
6524,4275
6524,4276
6525,4277
6526,4277
6528,4278
6529,4279
6533,4280
6535,4281
6536,4282
6536,4283
6537,4284
6537,4285
6537,4286
6538,4287
6540,4288
6540,4289
6540,4290
6541,4291
6541,4292
6542,4293
6543,4294
6544,4295
6545,4296
6547,4297
6548,4298
6608,4299
6733,4299
6549,4299
6554,4300
6556,4301
6556,4302
6559,4303
6560,4304
6562,4305
6567,4306
6570,4307
6570,4308
6571,4309
6572,4310
6574,4311
6575,4312
6577,4313
6581,4314
6581,4315
6582,4316
6584,4317
6595,4318
6596,4319
6599,4320
6604,4321
6611,4322
6611,4323
6612,4324
6614,4325
6616,4326
6617,4327
6620,4328
6621,4329
6623,4330
6624,4331
6626,4332
6626,4333
6628,4334
6630,4335
6630,4336
6633,4337
6633,4338
6636,4339
6637,4340
6639,4341
6640,4342
6641,4343
6641,4344
6649,4345
6649,4346
6649,4347
6650,4348
6651,4349
6651,4350
6652,4351
6654,4352
6654,4353
6655,4354
6656,4355
6658,4356
6659,4357
6660,4358
6662,4359
6663,4360
6664,4361
6665,4362
6666,4363
6666,4364
6667,4365
6668,4366
6668,4367
6668,4368
6669,4369
6669,4370
6669,4371
6669,4372
6670,4373
6671,4374
6671,4375
6672,4376
6673,4377
6677,4378
6677,4379
6684,4380
6685,4380
6687,4381
6688,4382
6689,4383
6691,4384
6698,4385
6699,4386
6699,4387
6701,4388
6702,4389
6704,4390
6705,4391
6710,4392
6711,4393
6712,4394
6712,4395
6714,4396
6715,4397
6716,4398
6716,4399
6720,4400
6721,4401
6725,4402
6725,4403
6727,4404
6728,4405
6729,4406
6729,4407
6730,4408
6731,4409
6732,4410
6732,4411
6732,4412
6732,4413
6733,4414
6733,4415
6734,4416
6736,4417
6737,4418
6780,4418
6738,4419
6739,4420
6740,4420
6741,4421
6741,4422
6742,4423
6743,4424
6744,4425
6743,4425
6745,4426
6750,4427
6752,4428
6756,4429
6757,4429
6759,4430
6761,4431
6762,4432
6763,4433
6764,4434
6765,4435
6768,4436
6766,4436
6767,4437
6769,4438
6770,4439
6771,4440
6772,4441
6773,4442
6774,4443
6775,4444
6776,4445
6777,4446
6778,4447
6780,4448
6782,4449
6784,4450
6786,4451
6789,4452
6789,4453
6789,4454
6790,4455
6791,4456
6792,4457
6793,4458
6794,4459
6795,4460
6796,4461
6797,4462
6798,4463
6799,4464
6799,4465
6801,4466
6803,4467
6806,4468
6806,4469
6807,4470
6810,4471
6810,4472
