user_id,name,registration
1,Mohamed,2017-04-15
2,Abdelkader,2020-12-06
3,Ahmed,2011-06-27
4,Mohammed,2018-12-20
5,Ali,2016-06-29
6,Rachid,2012-08-03
7,Said,2011-09-18
8,Ibrahim,2013-10-14
9,Omar,2013-11-12
10,Djamel,2013-06-25
11,Mohamed,2013-10-29
12,Youssef,2010-02-06
13,Ahmed,2012-02-21
14,Mahmoud,2017-03-30
15,Mustafa,2016-08-24
16,Yassin,2025-11-23
17,Taha,2011-08-13
18,Khaled,2018-08-30
19,Hamza,2025-05-08
20,Bilal,2017-11-11
21,Ibrahim,2024-09-20
22,Hassan,2022-09-17
23,Hussein,2024-06-18
24,Karim,2016-03-27
25,Tareq,2019-03-29
26,Abdel-Rahman,2019-11-02
27,Ali,2021-10-12
28,Omar,2019-03-10
29,Halim,2012-07-11
30,Murad,2010-04-12
31,Selim,2012-11-17
32,Abdallah,2011-01-06
33,Peter,2022-11-25
34,Pierre,2025-09-06
35,George,2023-11-20
36,John,2025-06-30
37,Mina,2019-07-12
38,Beshoi,2014-09-06
39,Kirollos,2013-03-25
40,Mark,2013-04-08
41,Fadi,2020-06-27
42,Habib,2023-02-18
43,Manuel,2014-06-13
44,Juan,2011-12-21
45,Antonio,2018-06-24
46,José,2017-06-14
47,Mohammed,2016-12-15
48,Ali,2025-07-28
49,Mohamed,2019-12-22
50,Solomon,2014-09-06
51,Abdela,2014-02-03
52,Daniel,2010-10-16
53,Mehamed,2025-05-31
54,Kemal,2017-10-31
55,Ebrahim,2014-04-01
56,Michael,2020-08-31
57,James,2024-12-16
58,Emmanuel,2010-03-28
59,John,2012-09-08
60,Joseph,2010-02-19
61,Moses,2023-11-02
62,Prince,2011-06-29
63,Junior,2011-01-17
64,Abraham,2025-06-13
65,Samuel,2012-11-20
66,Peter,2016-12-01
67,Mohammed,2013-06-24
68,Ahmed,2025-10-03
69,Ali,2012-09-11
70,Hamza,2018-02-27
71,Ibrahim,2021-07-23
72,Mahmoud,2020-06-15
73,Abdallah,2012-07-09
74,Tareq,2024-10-16
75,Hassan,2012-07-14
76,Khaled,2012-08-14
77,Mamadou,2010-03-16
78,Moussa,2015-08-17
79,Mahamadou,2023-03-29
80,Adama,2025-12-05
81,Bakary,2019-08-29
82,Abdoulaye,2017-03-14
83,Modibo,2020-05-01
84,Oumar,2013-01-31
85,Sekou,2016-09-06
86,Souleymane,2011-01-06
87,Mohamed,2018-08-06
88,Amir,2022-04-14
89,Ibrahim,2017-07-01
90,Naïm,2016-05-08
91,Ayoub,2010-03-23
92,Youssef,2020-03-15
93,Younès,2019-07-09
94,Wassim,2024-07-29
95,Ali,2016-09-14
96,Amine,2025-03-18
97,Musa,2019-03-11
98,Ibrahim,2015-01-17
99,Abubakar,2017-06-06
100,Sani,2012-11-09
101,Mohammed,2011-06-27
102,Sunday,2024-06-09
103,Umar,2022-09-20
104,Emmanuel,2021-03-04
105,Usman,2018-03-08
106,Muhammed,2015-10-06
107,Mamadou,2012-04-13
108,Ibrahima,2022-02-22
109,Cheikh,2011-09-06
110,Abdoulaye,2015-05-18
111,Amadou,2013-03-09
112,Moussa,2024-12-16
113,Ousmane,2011-04-26
114,Modou,2021-04-27
115,Abdou,2018-04-17
116,Aliou,2020-09-11
117,Mohamed,2014-04-07
118,Ibrahim,2024-01-11
119,Abdul,2023-01-05
120,John,2011-04-30
121,Joseph,2014-09-29
122,Samuel,2017-09-16
123,James,2012-07-24
124,David,2016-05-28
125,Abu,2024-01-01
126,Emmanuel,2021-12-22
127,Mohamed,2021-10-26
128,Abdi,2022-10-27
129,Ahmed,2015-07-30
130,Ali,2022-06-01
131,Hassan,2010-03-08
132,Farah,2017-05-23
133,Ibrahim,2016-08-28
134,Mahamed,2015-03-22
135,Omar,2017-07-03
136,Hussein,2017-06-20
137,Lethabo,2019-11-20
138,Nkazimulo,2024-01-24
139,Lubanzi,2016-06-12
140,Nkanyezi,2015-12-16
141,Langelihle,2012-08-27
142,Lethokuhle,2014-08-02
143,Junior,2012-02-06
144,Melokuhle,2024-01-04
145,Siphosethu,2021-05-17
146,Omphilet,2023-04-26
147,Mustafa,2014-05-01
148,Okot,2019-11-28
149,Ibrahim,2015-07-18
150,Fahim,2011-10-14
151,Jamal,2020-06-17
152,Abdo,2011-06-12
153,Samir,2019-12-14
154,Mohamad,2012-05-21
155,Suleyman,2019-08-16
156,Asim,2015-10-29
157,Youssef,2015-07-14
158,Haroun,2018-10-26
159,Yahya,2023-02-04
160,Adam,2013-07-07
161,Mohamed,2018-10-10
162,Ahmed,2022-08-11
163,Zakaria,2010-02-08
164,Yaakoub,2013-02-24
165,Yassine,2011-12-17
166,Sajed,2011-07-15
167,Imene,2015-02-13
168,Sara,2021-12-08
169,Yasmine,2019-12-11
170,Lyna,2024-06-27
171,Maria,2019-09-30
172,Amina,2011-05-07
173,Meriem,2019-09-05
174,Karima,2011-10-09
175,Melissa,2010-11-20
176,Lydia,2010-12-29
177,Shaimaa,2016-10-17
178,Fatma,2021-09-10
179,Maha,2018-07-04
180,Reem,2014-08-29
181,Farida,2014-01-21
182,Aya,2011-02-27
183,Shahd,2020-10-19
184,Ashraqat,2022-08-17
185,Sahar,2014-09-02
186,Fatin,2014-11-06
187,Dalal,2010-07-23
188,Doha,2016-09-02
189,Fajr,2018-06-17
190,Suha,2013-01-14
191,Rowan,2019-08-15
192,Hosniya,2018-06-11
193,Hasnaa,2013-12-29
194,Hosna,2019-01-17
195,Gamila,2023-08-29
196,Gamalat,2025-06-17
197,Habiba,2015-12-13
198,Mary,2015-03-24
199,Marie,2012-06-18
200,Mariam,2010-02-09
201,Marina,2010-02-01
202,Irene,2013-02-02
203,Malak,2011-01-18
204,Habiba,2018-12-23
205,Hana,2011-04-30
206,Farah,2022-12-05
207,Marwa,2025-01-01
208,Nada,2021-07-28
209,Salma,2024-07-25
210,Daba,2018-12-06
211,Fanta,2013-11-11
212,Sima,2017-02-11
213,Aman,2015-07-28
214,Araya,2023-02-21
215,Berta,2016-10-13
216,Marie,2015-08-27
217,Rahel,2021-10-09
218,Nida,2020-11-29
219,Jean,2019-12-29
220,María del Carmen,2022-01-22
221,Isabel,2016-10-30
222,María Teresa,2015-07-02
223,Esperanza,2020-03-26
224,Milagrosa,2021-08-24
225,Mary,2010-03-21
226,Esther,2014-10-03
227,Hawa,2020-03-15
228,Annie,2025-03-20
229,Martha,2015-09-11
230,Mamie,2013-11-27
231,Oretha,2019-12-02
232,Sarah,2019-12-10
233,Rebecca,2017-06-03
234,Patience,2024-01-08
235,Aya,2010-11-30
236,Rania,2012-06-06
237,Sarah,2015-07-11
238,Reem,2013-04-27
239,Hoda,2020-11-03
240,Marwa,2013-03-30
241,Mona,2025-08-15
242,Fatima,2010-02-26
243,Eisha,2017-02-09
244,Nesreen,2018-07-07
245,Fatoumata,2016-05-14
246,Mariam,2022-06-03
247,Aminata,2013-06-24
248,Hawa,2016-03-23
249,Awa,2015-11-28
250,Oumou,2019-12-23
251,Djeneba,2023-01-02
252,Bintou,2015-05-04
253,Fanta,2018-07-04
254,Kadiatou,2013-09-29
255,Inès,2025-09-22
256,Noûr,2014-10-12
257,Aya,2021-01-28
258,Yasmine,2016-10-01
259,Assia,2018-06-14
260,Maryam,2019-04-11
261,Aïcha,2019-07-15
262,Nora,2022-10-19
263,Amira,2025-02-23
264,Amina,2010-10-16
265,Blessing,2016-09-11
266,Aisha,2021-05-23
267,Fatima,2011-10-30
268,Mary,2021-02-15
269,Esther,2015-06-14
270,Grace,2017-12-09
271,Amina,2012-08-26
272,Zainab,2021-01-05
273,Maryam,2020-10-22
274,Joy,2013-01-17
275,Fatou,2023-12-02
276,Ndeye,2019-04-30
277,Awa,2015-06-18
278,Khady,2011-07-05
279,Aminata,2015-09-26
280,Aïssatou,2023-09-20
281,Coumba,2020-10-04
282,Adama,2024-02-25
283,Mariama,2020-11-24
284,Amy,2013-08-06
285,Francis,2021-10-13
286,Victoria,2019-10-13
287,Aminata,2014-09-14
288,Mariama,2020-08-01
289,Amara,2011-05-20
290,Elizabeth,2020-01-08
291,Zainab,2018-08-03
292,Josephine,2025-05-27
293,Christiana,2014-11-12
294,Esther,2014-09-04
295,Maryan,2023-01-18
296,Amina,2015-08-10
297,Halima,2014-04-13
298,Asha,2023-09-12
299,Hawa,2011-01-29
300,Sahra,2017-12-10
301,Mariam,2020-03-07
302,Khadija,2018-03-30
303,Zahra,2012-08-30
304,Habiba,2016-09-15
305,Onalerona,2017-11-04
306,Melokuhle,2021-02-01
307,Lisakhanya,2022-12-13
308,Zanokuhle,2020-12-22
309,Lethabo,2016-12-08
310,Lesedi,2020-02-19
311,Omphile,2023-08-22
312,Amahle,2015-01-30
313,Naledi,2024-05-12
314,Nkanyezi,2020-11-20
315,Fatima,2025-07-26
316,Mariam,2011-01-09
317,Sara,2022-09-17
318,Huda,2024-08-22
319,Layla,2019-08-19
320,Noor,2018-09-28
321,Yasmin,2023-06-12
322,Samira,2014-12-06
323,Iman,2019-06-11
324,Ameera,2017-06-23
325,Mariem,2021-10-08
326,Rayhane,2021-09-15
327,Lina,2016-01-28
328,Mayar,2019-06-20
329,Essil,2016-04-24
330,Beya,2024-03-12
331,Soujoud,2016-04-03
332,Jouri,2017-05-11
333,Yasmine,2025-10-04
334,Eline,2011-04-16
335,Mateo,2025-03-13
336,Felipe,2011-10-13
337,Enzo,2018-06-17
338,Bautista,2010-04-09
339,Benjamín,2016-01-21
340,Bruno,2018-10-31
341,Liam,2025-11-08
342,Joaquín,2021-07-09
343,Noah,2011-01-21
344,Benicio,2011-04-07
345,Benjamín,2023-05-22
346,Bautista,2017-01-27
347,Mateo,2015-07-01
348,Valentino,2011-03-12
349,Gael,2016-06-14
350,Valentín,2015-03-28
351,Noah,2014-12-11
352,Lorenzo,2017-11-25
353,Liam,2015-07-23
354,Benicio,2018-05-09
355,Daniel,2024-02-09
356,Dylan/Dyllan,2018-12-04
357,Kevin/Keven,2014-05-16
358,Santiago,2014-07-09
359,Maximiliano,2018-03-26
360,Agustín,2015-03-27
361,Caleb,2023-05-19
362,Enzo,2022-02-11
363,Gael,2012-03-22
364,Leonardo,2022-09-27
365,Liam,2014-09-02
366,Thiago,2018-10-22
367,Dylan,2014-02-04
368,Miguel,2016-08-14
369,Ravi,2021-07-29
370,Théo,2018-05-09
371,Gael,2024-07-21
372,Noé,2013-07-03
373,Artur,2023-06-04
374,Davi,2021-07-20
375,Antônio,2015-06-16
376,Heitor,2020-10-29
377,Samuel,2021-07-29
378,José,2016-06-29
379,João,2010-08-18
380,Antônio,2011-01-16
381,Francisco,2016-03-19
382,Carlos,2016-11-17
383,Paulo,2013-03-17
384,Pedro,2025-05-12
385,Lucas,2010-08-01
386,Luiz,2019-01-18
387,Marcos,2012-12-23
388,Noah,2024-03-11
389,Liam,2013-09-05
390,Theodore,2014-10-07
391,Leo,2011-02-11
392,William,2017-10-13
393,Oliver,2013-08-28
394,Lucas,2017-09-22
395,James,2022-06-10
396,Benjamin,2024-08-15
397,Thomas,2018-05-08
398,Noah,2017-03-27
399,Léo,2023-04-17
400,Liam,2025-10-26
401,William,2023-08-17
402,Thomas,2011-03-18
403,Louis,2017-09-03
404,Arthur,2013-10-12
405,Édouard,2013-08-10
406,Émile,2013-12-19
407,Théo,2017-09-28
408,Mateo,2019-06-04
409,Liam,2011-01-22
410,Lucas,2011-02-18
411,Santiago,2025-06-17
412,Gaspar,2010-10-01
413,Facundo,2017-12-02
414,Thiago,2012-11-10
415,Benjamín,2016-10-02
416,Vicente,2010-09-29
417,Gael,2017-10-28
418,Mateo,2021-01-26
419,Liam,2022-11-21
420,Lucas,2014-12-05
421,Santiago,2013-10-28
422,Gaspar,2012-01-07
423,Facundo,2012-01-18
424,Thiago,2015-07-23
425,Benjamín,2023-07-05
426,Vicente,2018-05-15
427,Gael,2012-07-05
428,Santiago,2014-06-08
429,Mateo,2016-02-10
430,Samuel,2025-03-17
431,Julián,2012-03-11
432,Emiliano,2025-04-18
433,Noah,2016-08-19
434,Sebastián,2020-03-20
435,Nicolás,2019-09-03
436,Thiago,2013-02-23
437,Felipe,2018-07-31
438,José Luis,2014-09-07
439,Jorge Luis,2021-04-21
440,Ernesto,2021-10-18
441,Roberto,2010-06-10
442,Jorge,2016-12-08
443,Eduardo,2020-02-22
444,José Antonio,2022-11-12
445,Raúl,2022-01-26
446,Alejandro,2017-06-30
447,Manuel,2020-03-13
448,Adriel,2023-04-03
449,Emmanuel,2016-07-30
450,Sebastián,2022-08-02
451,Alexander,2022-12-17
452,Liam,2012-11-02
453,Gael,2012-12-17
454,Daniel,2022-10-19
455,David,2020-05-03
456,Jayden,2011-12-21
457,Dariel,2021-01-16
458,Benjamín,2019-10-30
459,Gael,2019-01-06
460,Ider,2010-10-24
461,Samuel,2015-01-24
462,Thiago,2024-03-24
463,Emiliano,2012-09-22
464,Lucas,2010-01-22
465,Noah,2017-09-03
466,Santiago,2017-01-25
467,Mateo,2013-04-12
468,Lucas,2011-04-13
469,Oliver,2021-10-23
470,Santiago,2018-05-10
471,Thiago,2024-04-14
472,Aarón,2011-07-24
473,Carlo,2022-01-04
474,Liam,2014-02-14
475,Sebastián,2017-05-25
476,Ángel,2016-10-08
477,Inuk,2012-07-21
478,Malik,2019-11-07
479,Minik,2017-10-16
480,Inunnguag,2022-11-09
481,Liam,2025-06-07
482,Ulloriaq,2020-12-03
483,Norsaq,2022-10-06
484,Aputsiaq,2020-07-17
485,Ivik,2013-09-26
486,Miki,2010-06-27
487,Maligiaq,2014-05-17
488,Noah,2017-09-12
489,Qillaq,2010-04-08
490,Inutsiaq,2018-12-21
491,Nuka,2012-12-17
492,Salik,2020-04-26
493,Liam,2013-05-28
494,Luis,2023-10-20
495,Thiago,2010-12-26
496,David,2010-09-12
497,Santiago,2010-03-20
498,Eithan,2018-06-02
499,Matías,2012-11-01
500,Ethan,2020-05-25
501,Julián,2011-07-25
502,Mateo,2012-11-09
503,Jean,2017-07-12
504,Louis,2013-09-14
505,Pierre,2014-06-25
506,Baptiste,2015-05-28
507,Junior,2011-09-29
508,Joseph,2020-08-06
509,Emmanuel,2020-09-10
510,James,2016-05-01
511,Marc,2012-06-02
512,Jacques,2013-06-18
513,Liam,2024-10-07
514,Isaac,2018-10-02
515,Mateo,2019-08-20
516,Aylam,2011-04-01
517,Roberto,2025-02-08
518,Samuel,2021-02-09
519,Adrian,2025-10-09
520,Cristhian,2012-05-08
521,Daniel,2017-08-24
522,Dylan,2022-12-12
523,Aiden,2024-02-16
524,Liam,2020-12-14
525,Malachi,2018-12-09
526,Amir,2014-07-24
527,Nathaniel,2018-09-20
528,Joshua,2021-06-26
529,Josiah,2023-02-01
530,Zahir,2014-10-13
531,Nathan,2022-02-17
532,Mateo,2021-11-17
533,Matías,2023-04-17
534,Santiago,2023-12-27
535,Liam,2025-12-29
536,Leonardo,2025-05-02
537,Sebastián,2025-02-01
538,Alejandro,2025-08-07
539,Emiliano,2019-10-08
540,Dylan,2018-04-07
541,Diego,2017-03-07
542,Santiago,2017-02-11
543,Adrián,2012-08-22
544,Alejandro,2015-09-05
545,Andrew,2017-11-11
546,Eddy,2018-06-06
547,Liam,2018-11-18
548,Salatiel,2013-09-28
549,Benjamín,2019-03-10
550,Caleb,2020-01-30
551,David,2019-06-28
552,Aminadab,2013-11-28
553,Thiago,2013-11-09
554,Aibar,2024-11-29
555,David,2018-01-01
556,Eider,2022-05-11
557,Endrick,2019-02-21
558,Enoc,2024-06-02
559,Gael,2016-02-22
560,Ian,2023-06-07
561,Jatniel,2013-03-31
562,Thiago,2011-01-06
563,Benjamín,2022-10-01
564,Mateo,2014-05-28
565,Liam,2012-10-15
566,Juan,2010-10-08
567,Rafael,2023-01-26
568,Agustín,2016-07-21
569,Alejandro,2010-05-13
570,Bruno,2020-11-23
571,Dante,2023-02-18
572,Mateo,2024-07-28
573,Eithan,2019-05-15
574,Santiago,2013-01-09
575,Liam,2016-10-17
576,Thiago,2019-02-24
577,Enzo,2013-10-21
578,Gabriel,2010-03-19
579,Noah,2017-08-29
580,Adriel,2021-09-07
581,Alejandro,2017-01-01
582,Noah,2025-06-27
583,Liam,2024-04-08
584,Thiago,2012-09-26
585,Mateo,2024-03-11
586,Sebastián,2022-09-30
587,Lucas,2011-12-02
588,Dylan,2020-09-15
589,Ian,2012-02-04
590,Matías,2022-06-13
591,Milan,2019-12-16
592,Elian,2023-02-25
593,Liam,2025-08-18
594,Noah,2017-08-30
595,Oliver,2016-10-25
596,Theodore,2023-11-14
597,James,2016-10-27
598,Henry,2024-04-03
599,Mateo,2017-11-13
600,Elijah,2011-04-05
601,Lucas,2012-06-18
602,William,2023-12-25
603,James,2011-07-25
604,John,2011-07-04
605,Robert,2020-01-05
606,Michael,2012-09-03
607,William,2018-08-07
608,David,2014-08-25
609,Richard,2024-05-01
610,Charles,2018-12-18
611,Joseph,2015-06-02
612,Thomas,2016-09-08
613,Juan,2015-07-09
614,Mateo,2015-01-25
615,Lorenzo,2014-01-10
616,Felipe,2020-05-10
617,Liam,2017-05-12
618,Benjamín,2024-06-27
619,Bautista,2018-03-09
620,Thiago,2023-03-16
621,Noha,2022-10-25
622,Lucas,2025-07-31
623,Noah,2019-08-09
624,Liam,2015-10-06
625,Mateo,2013-01-01
626,Matheo,2019-03-22
627,Matteo,2020-01-26
628,Thiago,2016-12-05
629,Luciano,2014-08-15
630,Mathias,2012-12-10
631,Eithan,2011-03-20
632,Maximiliano,2019-06-28
633,Santiago,2014-10-05
634,Marcelo,2012-11-16
635,Olivia,2019-03-01
636,Sofía,2015-03-23
637,Emma,2014-04-23
638,Emilia,2019-06-02
639,Isabella,2016-03-28
640,Catalina,2016-06-15
641,Martina,2011-06-21
642,Delfina,2014-12-04
643,Alma,2019-12-29
644,Valentina,2013-10-07
645,Isabella,2011-10-25
646,Catalina,2011-08-01
647,Valentina,2012-10-10
648,Emma,2013-02-19
649,Emilia,2021-03-11
650,Victoria,2019-12-19
651,Olivia,2013-12-12
652,Martina,2014-06-22
653,Cataleya,2020-08-31
654,Mía,2022-02-05
655,Alysha,2011-11-09
656,Isabella/Isabelle,2020-12-01
657,Emily/Emely,2024-03-14
658,Aitana,2020-08-05
659,Valentina,2017-07-06
660,Danae,2023-06-24
661,Renata,2021-12-05
662,Antonella,2022-07-24
663,Alexia,2021-09-17
664,Alicia,2017-06-04
665,Amira,2016-08-13
666,Ariana,2015-09-23
667,Aurora,2017-09-09
668,Helena,2011-09-16
669,Cecília,2024-06-21
670,Maitê,2015-12-02
671,Laura,2013-01-30
672,Alice,2021-04-19
673,Isabela,2010-06-18
674,Sofia,2020-08-09
675,Aurora,2019-02-20
676,Ayla,2022-12-14
677,Heloísa,2012-12-16
678,Maria,2025-04-28
679,Ana,2015-09-12
680,Francisca,2011-06-09
681,Antônia,2023-03-09
682,Adriana,2019-09-06
683,Juliana,2022-03-11
684,Marcia,2022-07-02
685,Fernanda,2011-07-18
686,Patrícia,2016-05-13
687,Aline,2016-02-29
688,Olivia,2023-07-28
689,Charlotte,2025-09-30
690,Emma,2024-09-18
691,Amelia,2021-10-16
692,Sophia,2012-03-09
693,Sofia,2018-02-04
694,Mia,2016-06-21
695,Chloe,2017-11-29
696,Lily,2016-12-27
697,Ava,2012-12-31
698,Emma,2017-12-30
699,Olivia,2017-12-28
700,Florence,2013-01-08
701,Charlotte,2016-03-11
702,Alice,2011-09-19
703,Charlie,2016-05-13
704,Béatrice,2019-11-01
705,Clara,2012-01-16
706,Sofia,2011-12-01
707,Livia,2013-03-31
708,Emma,2014-02-27
709,Isabella,2015-03-07
710,Sofía,2020-06-05
711,Emilia,2011-07-26
712,Julieta,2015-06-01
713,Mía,2011-05-21
714,Isidora,2025-07-29
715,Trinidad,2014-05-04
716,Aurora,2018-08-03
717,Antonella,2015-09-10
718,Emma,2017-09-27
719,Isabella,2014-07-06
720,Sofía,2018-02-26
721,Emilia,2020-09-28
722,Julieta,2021-02-14
723,Mía,2018-12-17
724,Isidora,2010-01-08
725,Aurora,2023-01-02
726,Trinidad,2022-08-17
727,Antonella,2022-08-19
728,Isabella,2020-10-30
729,Antonella,2019-01-01
730,Luciana,2018-08-10
731,Valentina,2025-10-07
732,Sara,2013-10-04
733,Emma,2018-10-05
734,Camila,2010-10-13
735,Lucía,2020-08-30
736,Zoé,2012-06-07
737,Victoria,2011-02-16
738,Yanet,2011-12-03
739,María Carmen,2021-07-24
740,Mercedes,2013-07-25
741,Caridad,2024-03-02
742,María Elena,2014-04-19
743,Tania,2023-09-24
744,Elizabeth,2018-06-03
745,Ana María,2024-12-21
746,Odalys,2011-03-02
747,Yadira,2018-12-02
748,Abigail,2013-03-09
749,Alaia,2025-06-05
750,Valentina,2015-05-24
751,Esther,2011-08-18
752,Elianny,2015-07-23
753,Ashley,2023-12-26
754,Charlotte,2022-09-24
755,Camila,2022-08-12
756,Zoe,2023-02-17
757,Emma,2012-08-10
758,Amelia,2013-11-05
759,Antonella,2018-04-22
760,Isabella,2011-03-03
761,Luciana,2022-08-28
762,Amira,2014-11-19
763,Emma,2016-01-19
764,Mia,2011-10-18
765,Valentina,2012-03-29
766,Victoria,2011-12-14
767,Aitana,2022-02-03
768,Sofía,2014-07-15
769,Antonella,2019-03-01
770,Isabella,2025-12-31
771,Arleth,2015-08-01
772,Elena,2010-05-16
773,Elianny,2013-07-31
774,Elizabeth,2013-08-30
775,Emily,2013-06-10
776,Fiorella,2011-12-25
777,Julimar,2013-05-18
778,Ivaana,2021-05-14
779,Nivi,2022-09-18
780,Uiloq,2023-09-22
781,Niviaq,2017-01-30
782,Isabella,2012-10-02
783,Ivalu,2022-04-15
784,Pipaluk,2018-04-30
785,Malu,2018-09-27
786,Paninnguaq,2016-10-01
787,Aviana,2010-11-04
788,Maya,2014-05-15
789,Paneeraq,2021-05-06
790,Valentina,2010-09-26
791,Sofía,2010-06-15
792,Emma,2010-11-04
793,Isabella,2019-12-14
794,Marian,2021-06-27
795,Alejandra,2024-06-21
796,Astrid,2015-02-23
797,Camila,2014-09-24
798,Luciana,2014-11-21
799,Meredith,2020-08-18
800,Marie,2012-04-26
801,Rose,2022-11-11
802,Stephanie,2014-07-09
803,Nadège,2018-06-19
804,Natacha,2023-08-30
805,Fabienne,2019-01-17
806,Nathalie,2021-02-07
807,Roseline,2021-12-28
808,Jacqueline,2016-02-06
809,Marjorie,2010-03-06
810,Isabella,2020-04-05
811,Dara,2015-09-15
812,Valentina,2014-02-23
813,Emma,2012-09-07
814,Kassandra,2016-11-03
815,Aitana,2018-10-17
816,Ámbar,2012-09-25
817,Ariadna,2025-03-25
818,Camila,2012-05-03
819,Cristel,2019-11-04
820,Amelia,2019-06-03
821,Arianna,2019-08-29
822,Gianna,2014-11-08
823,Kyra,2020-10-08
824,Azora Kiara,2017-09-23
825,Azariah,2016-01-15
826,Aria,2022-08-28
827,Ariana,2016-08-03
828,Azaria,2025-04-30
829,Sofía,2024-03-30
830,Sophia,2023-10-13
831,Regina,2012-11-20
832,Valentina,2021-06-10
833,Victoria,2018-03-22
834,Isabella,2023-04-29
835,Camila,2015-02-15
836,Emma,2020-03-30
837,Julieta,2020-06-12
838,Romina,2016-02-03
839,Emily,2024-10-12
840,Elizabeth,2024-01-21
841,Antonella,2010-09-22
842,Anieli,2025-02-26
843,Maddie,2018-03-05
844,Abril,2012-03-17
845,Ailany,2011-11-07
846,Alessandra,2025-04-03
847,Alice,2020-04-18
848,Barbara,2022-03-31
849,Zoe,2012-06-19
850,Alaia,2022-10-29
851,Alahia,2014-05-23
852,Sofía,2022-03-24
853,Ana,2018-07-21
854,Cailín,2024-04-06
855,Elianys,2020-12-02
856,Hannah,2012-08-26
857,Isabella,2021-05-16
858,Ivanna,2018-11-15
859,Miranda,2025-06-22
860,Isabella,2025-11-15
861,Sofía,2017-10-01
862,Luciana,2019-07-13
863,Luana,2017-05-28
864,Aitana,2020-08-12
865,Danna,2014-10-28
866,Allison,2015-08-17
867,Emily,2024-01-22
868,Milagros,2024-07-31
869,Maia,2017-04-02
870,Aitana,2011-08-21
871,Valentina,2021-04-08
872,Alessia,2014-07-03
873,Zoe,2019-02-09
874,Isabella,2010-10-20
875,Antonella,2023-05-06
876,Emma,2018-01-30
877,Alaia,2014-06-08
878,Almudena,2019-05-27
879,Bianca,2025-11-14
880,Valentina,2014-10-10
881,Aurora,2021-02-16
882,Emma,2025-05-02
883,Amira,2010-04-07
884,Mia,2012-07-07
885,Victoria,2015-03-26
886,Luna,2016-11-08
887,Camila,2020-12-04
888,Isabella,2024-12-27
889,Gianna,2015-11-22
890,Catalina,2020-03-23
891,Ainara,2018-05-01
892,Olivia,2017-08-01
893,Emma,2023-07-08
894,Amelia,2021-10-30
895,Charlotte,2010-11-24
896,Mia,2023-09-22
897,Sophia,2012-11-13
898,Isabella,2012-05-07
899,Evelyn,2016-07-30
900,Ava,2012-02-05
901,Sofia,2024-10-13
902,Mary,2014-09-21
903,Patricia,2021-05-11
904,Linda,2010-08-29
905,Barbara,2017-03-28
906,Elizabeth,2021-07-27
907,Jennifer,2025-12-20
908,Maria,2015-11-24
909,Susan,2021-01-10
910,Margaret,2012-03-29
911,Dorothy,2017-11-13
912,María,2023-04-14
913,Emma,2012-04-03
914,Emilia,2022-03-24
915,Julieta,2010-08-13
916,Sofía,2011-06-15
917,Mía,2016-06-25
918,Olivia,2015-09-28
919,Martina,2022-10-01
920,Zoé,2025-07-14
921,Isabella,2011-07-19
922,Emma,2011-11-03
923,Isabella,2010-02-15
924,Abby,2020-03-17
925,Amanda,2024-03-06
926,Amelia,2018-09-19
927,Ana Paula,2019-10-04
928,Mia Isabella,2016-08-13
929,Miranda,2022-08-12
930,Salomé,2022-09-03
931,Sofía,2018-04-12
932,Sophia,2010-09-11
933,Mohamed محمد,2019-10-10
934,Abdullah عبدالله,2025-04-03
935,Ahmed  أحمد,2016-05-27
936,Ali علي,2022-09-21
937,Yousouf يوسف,2017-11-01
938,Omar عمر,2024-04-02
939,Adam آدم,2017-07-24
940,Abd عبد,2023-11-08
941,Khaled خالد,2019-08-06
942,Fahd فهد,2013-09-19
943,Davit,2025-03-15
944,Narek,2014-05-26
945,Hayk,2018-03-06
946,Mark,2021-08-12
947,Tigran,2020-06-14
948,Areg,2018-03-04
949,Monte,2013-06-01
950,Mikayel,2016-11-02
951,Robert,2023-07-12
952,Levon,2010-09-18
953,Armen,2012-12-14
954,Artur,2017-11-05
955,Karen,2020-04-13
956,Samvel,2012-05-13
957,Gevorg,2025-10-07
958,Ashot,2013-11-28
959,Davit,2024-07-06
960,Arman,2022-02-11
961,Hovhannes,2021-02-04
962,Gagik,2016-08-30
963,Huseyn,2022-09-13
964,Ali,2023-08-01
965,Yusif,2016-02-21
966,Raul,2012-06-11
967,Omar,2024-06-02
968,Murad,2022-02-03
969,Mahammad,2019-09-24
970,Tunar,2012-09-07
971,Aykhan,2016-10-22
972,Adam,2019-11-22
973,Ali,2018-10-23
974,Elchin,2016-09-13
975,Vugar,2022-09-17
976,Anar,2024-12-01
977,Elnur,2013-01-11
978,Samir,2011-11-20
979,Elshan,2020-07-31
980,Rashad,2015-07-19
981,Ilgar,2019-04-26
982,Vusal,2018-12-08
983,Omar,2025-01-20
984,Abdul,2012-01-02
985,Osama,2016-05-15
986,Nabeel,2019-01-25
987,Muhammad,2016-07-10
988,Ammar,2024-01-26
989,Mohammad,2013-08-20
990,Hani,2024-11-18
991,Hisham,2010-02-20
992,Saeed,2010-05-23
993,Mohammed,2015-11-15
994,Mohammad,2016-05-28
995,Abdul,2014-12-21
996,Muhammad,2025-06-29
997,Abdullah,2016-12-07
998,Ahmed,2021-10-17
999,Syed,2021-01-21
1000,Kazi,2022-08-17
1001,Sheikh,2010-09-19
1002,Hasan,2015-12-12
1003,Nima,2014-09-23
1004,Som,2010-05-27
1005,Ram,2019-07-31
1006,Lal,2019-04-10
1007,Hari,2019-03-01
1008,Prem,2016-06-15
1009,Kamal,2011-05-20
1010,Kumar,2023-03-11
1011,Raj,2017-05-31
1012,Mangal,2021-02-07
1013,Haji,2011-02-23
1014,Mohammad,2017-11-25
1015,Mohamed,2017-07-18
1016,Muhammad,2011-08-11
1017,Abdul,2025-06-17
1018,Yong,2024-02-02
1019,Mohamad,2019-04-11
1020,Nurul,2014-09-21
1021,Ahmad,2019-11-17
1022,Lau,2019-02-23
1023,Sam,2024-04-22
1024,Khan,2018-08-20
1025,Heng,2010-07-07
1026,Ron,2016-04-12
1027,Ryan,2013-10-02
1028,Dani,2023-04-03
1029,Da,2015-05-18
1030,Long,2025-06-13
1031,Di,2024-02-10
1032,Song,2012-08-07
1033,Yìchén,2017-04-16
1034,Yǔxuān,2022-04-26
1035,Hàoyǔ,2020-06-13
1036,Yìchén,2010-06-08
1037,Yǔchén,2022-01-09
1038,Zǐmò,2010-06-16
1039,Yǔháng,2024-11-11
1040,Hàorán,2016-04-25
1041,Zǐháo,2010-05-07
1042,Yìchén,2011-01-29
1043,Shivansh,2017-12-03
1044,Dhruv,2023-11-01
1045,Kabir,2012-01-11
1046,Vedant,2018-08-26
1047,Kiaan,2016-12-18
1048,Aarav,2011-04-08
1049,Arjun,2020-01-12
1050,Viraj,2010-11-11
1051,Krishna,2013-01-06
1052,Avyan,2011-09-19
1053,Ram,2017-06-19
1054,Mohammed,2012-12-10
1055,Santosh,2013-12-09
1056,Sanjay,2021-07-03
1057,Sunil,2010-07-27
1058,Rajesh,2019-07-25
1059,Ramesh,2019-01-16
1060,Ashok,2013-12-03
1061,Manoj,2020-09-30
1062,Anil,2024-06-23
1063,Sutrisno,2017-05-13
1064,Slamet,2019-04-01
1065,Mulyadi,2019-12-03
1066,Herman,2012-10-08
1067,Supardi,2011-12-01
1068,Ismail,2020-08-11
1069,Suprianto,2018-06-10
1070,Suparman,2014-08-06
1071,Junaidi,2025-02-18
1072,Wahyudi,2016-09-22
1073,Muhammad Al Fatih,2018-01-12
1074,Muhammad Arsya Alfarizoi,2023-05-07
1075,Muhammad Razka Raffasya,2016-11-06
1076,Muhammad Rayyan Alfarizoi,2016-01-17
1077,Muhammad Rayyan,2010-10-15
1078,Muhammad Attaqi Rafandra,2024-07-11
1079,Muhammad Arsya Alfarizqi,2019-11-16
1080,Kenzie Alvaro Devanka,2011-06-20
1081,Muhammad Raffasya Elvano,2021-03-05
1082,Muhammad Alfatih,2013-08-21
1083,Amir-Ali,2015-04-19
1084,Mohammad,2010-12-28
1085,Ali,2019-05-06
1086,Amir-Hossein,2013-03-06
1087,Hossein,2014-12-29
1088,AbulFazl,2016-07-20
1089,Amir-Abbas,2017-07-05
1090,Samyar,2017-10-24
1091,Mohammad-Taha,2024-01-06
1092,Aria,2019-09-08
1093,Mohammad,2014-08-07
1094,Ali,2020-06-29
1095,Hossein,2020-12-17
1096,Mahdi,2023-05-08
1097,Hassan,2011-01-23
1098,Reza,2013-06-09
1099,Ahmad,2023-12-16
1100,Mohammad-Reza,2010-04-11
1101,Abbas,2017-05-05
1102,Ali-Reza,2017-04-15
1103,Ali,2013-02-10
1104,Muhammed,2020-04-21
1105,Hussein,2020-05-05
1106,Hydar,2013-04-12
1107,Ahmed,2023-03-17
1108,Omar,2019-09-27
1109,Hasan,2020-10-07
1110,Kathem,2020-01-30
1111,Abdullah,2024-08-30
1112,Ammar,2022-01-02
1113,Muhammad,2023-08-30
1114,Yosef,2013-06-19
1115,Yusef,2015-10-23
1116,Adam,2022-02-16
1117,David,2017-06-29
1118,Ariel,2025-04-30
1119,Lavi,2012-10-12
1120,Omar,2013-10-03
1121,Raphael,2014-12-03
1122,Uri,2018-08-23
1123,Daniel,2020-06-13
1124,Ariel אריאל,2013-07-03
1125,David דוד,2018-07-08
1126,Lavi לביא,2012-01-30
1127,Raphael רפאל,2020-01-16
1128,Uri אורי,2011-11-30
1129,Eitan איתן,2012-04-08
1130,Daniel דניאל,2024-04-14
1131,Elia אליה,2018-05-18
1132,Yehuda יהודה,2019-01-19
1133,Ari ארי,2024-12-16
1134,Muhammad,2011-10-07
1135,Ahmad,2021-12-31
1136,Adam,2024-08-15
1137,Yusef,2022-10-07
1138,Omer,2013-04-08
1139,Ali,2015-01-28
1140,Abd,2010-01-07
1141,Amir,2024-04-27
1142,Ibrahim,2019-06-19
1143,Mahmoud,2022-03-31
1144,Charbel,2021-02-03
1145,Jude,2012-09-24
1146,Niel,2023-07-24
1147,Elias,2021-06-12
1148,Liam,2010-12-15
1149,George,2013-05-28
1150,Adam,2010-08-04
1151,Taim,2018-12-30
1152,Niel,2013-09-18
1153,Amir,2017-06-25
1154,Jude,2023-10-03
1155,Haruto はると,2012-08-03
1156,Minato みなと,2016-11-06
1157,Rikuりく,2010-06-05
1158,Aoto あおと,2018-02-11
1159,Haruki はるき,2018-02-15
1160,Sōta そうた,2023-12-17
1161,Sora そら,2020-08-12
1162,Yuito ゆいと,2016-07-13
1163,Hinata ひなた,2013-10-12
1164,Haru はる,2025-06-01
1165,Haruto ハルト,2012-11-08
1166,Minato ミナト,2018-08-03
1167,Riku リク,2021-08-22
1168,Haruki ハルキ,2010-10-27
1169,Hinata ヒナタ,2018-04-05
1170,Sōta ソウタ,2013-10-31
1171,Sora ソラ,2015-10-07
1172,Aoto アオト,2019-06-04
1173,Yuito ユイト,2024-10-15
1174,Asahi アサヒ,2020-08-25
1175,Muhamad,2021-11-26
1176,Adam,2017-02-04
1177,Ahmad,2014-10-12
1178,Yusuf,2011-10-12
1179,Umar,2022-12-23
1180,Shaham,2015-11-26
1181,Sanad,2012-03-29
1182,Karam,2015-11-27
1183,Amir,2014-03-14
1184,Hashim,2023-01-19
1185,Mukhammed,2013-09-01
1186,Aysultan,2015-01-15
1187,Alikhan,2021-02-02
1188,Mukhammad,2011-02-10
1189,Omar,2011-08-23
1190,Alidar,2018-06-07
1191,Amir,2013-01-03
1192,Alan Алан,2013-08-02
1193,Ali,2010-12-08
1194,Khamza,2016-11-17
1195,Mohammad,2014-03-31
1196,Abdullah,2014-08-26
1197,Fahad,2022-07-06
1198,Khaled,2017-01-31
1199,Ali,2010-03-29
1200,Yousef,2014-08-24
1201,Ahmed,2012-09-05
1202,Abdulaziz,2022-04-23
1203,Faisal,2025-10-14
1204,Bader,2018-08-25
1205,Muhammad,2018-05-02
1206,Umar,2022-03-03
1207,Ali,2016-02-15
1208,Amir,2023-03-21
1209,Bilal,2016-08-07
1210,Alikhan,2012-01-26
1211,Alinur,2016-02-22
1212,Nurislam,2015-05-10
1213,Emir,2013-11-25
1214,Usman,2017-11-17
1215,Elie,2011-06-30
1216,Mohammad,2017-04-21
1217,Charbel,2017-09-25
1218,Ali,2019-02-19
1219,Hassan,2016-05-10
1220,Hussein,2018-02-04
1221,George,2015-01-27
1222,Ahmad,2013-05-18
1223,Christian,2019-09-13
1224,Joe,2023-01-12
1225,Muhamad,2011-07-11
1226,Ahmad,2011-12-24
1227,Adam,2022-11-28
1228,Amar,2013-12-27
1229,Wan,2012-08-19
1230,Iman,2011-10-07
1231,Harraz,2025-06-09
1232,Izz,2015-05-30
1233,Umar,2022-02-15
1234,Aariz,2022-05-07
1235,Tenun,2018-04-14
1236,Khangai,2012-11-04
1237,Anand,2011-02-19
1238,Erhes,2019-03-13
1239,Tushig,2016-07-04
1240,Sun,2025-02-12
1241,Raza,2023-10-29
1242,Pan,2017-01-08
1243,Zan,2016-06-24
1244,Song,2010-03-23
1245,Jon,2024-02-17
1246,Lamin,2010-10-26
1247,Roi,2023-08-17
1248,Mao,2011-08-10
1249,Ba,2019-04-20
1250,Ram राम,2016-03-29
1251,Krishan कृष्ण,2016-10-05
1252,Prem प्रेम,2020-01-15
1253,Dhan धन,2011-01-25
1254,Chandra चन्द्र,2023-08-09
1255,Mohammad,2014-01-17
1256,Ali,2022-03-14
1257,Hussain,2010-07-07
1258,Omar,2016-12-13
1259,Bilal,2016-07-09
1260,Usman,2023-08-18
1261,Zahid,2013-10-23
1262,Shahid,2011-03-17
1263,Saqib,2016-06-17
1264,Nomaan,2018-11-05
1265,Nathaniel,2024-01-28
1266,Gabriel,2022-11-24
1267,Jacob,2017-02-05
1268,Ezekiel,2025-09-20
1269,Ethan,2017-12-01
1270,Nathan,2018-02-06
1271,Matthew,2012-03-22
1272,Liam,2015-06-16
1273,Jayden,2018-09-18
1274,Noah,2015-06-14
1275,Mohammad,2019-10-11
1276,Fahd,2022-12-10
1277,Abdullah,2024-06-06
1278,Abdulrahman,2013-09-20
1279,Turki,2023-10-24
1280,Bandar,2025-08-13
1281,Omar,2024-07-17
1282,Ali,2024-04-26
1283,Yi-joon,2015-01-11
1284,Ha-joon,2016-12-31
1285,Do-yoon,2021-10-04
1286,Eun-woo,2016-03-08
1287,Seo-jun,2013-06-03
1288,Si-woo,2011-03-02
1289,Ji-ho,2016-02-20
1290,Seon-woo,2021-02-05
1291,Do-yeon,2016-04-27
1292,Yoo-joon,2020-04-24
1293,Mohamed,2014-02-08
1294,Roshan,2012-04-03
1295,Dinesh,2022-03-10
1296,Saman,2021-07-08
1297,Pradeep,2015-10-25
1298,Mahesh,2023-10-16
1299,Mohammed,2013-01-04
1300,Fernando,2013-05-31
1301,Manoj,2014-11-12
1302,Abdul,2025-08-20
1303,Chia-hao,2016-06-11
1304,Chih-ming,2022-12-31
1305,Chun-chieh,2013-12-15
1306,Chien-hung,2018-06-21
1307,Chun-hung,2023-01-08
1308,Chih-hao,2022-06-29
1309,Chih-wei,2021-12-03
1310,Wen-Hsiung,2020-08-11
1311,Chin-lung,2018-11-03
1312,Chih-chiang,2010-07-10
1313,Muhammad,2012-09-01
1314,Yusuf,2010-08-13
1315,Abdullo,2019-02-07
1316,Abubakr,2018-07-20
1317,Somchai,2023-11-07
1318,Prasoet,2012-09-20
1319,Sombun,2022-07-23
1320,Somsak,2025-12-31
1321,Narong,2021-02-01
1322,Prasit,2018-02-15
1323,Somphon,2021-01-20
1324,Sombat,2019-11-22
1325,Udom,2015-03-31
1326,Wichian,2018-10-24
1327,Alparslan,2011-12-18
1328,Göktuğ,2021-09-20
1329,Yusuf,2021-11-27
1330,Metehan,2011-02-25
1331,Ömer Asaf,2015-10-21
1332,Kerem,2022-02-25
1333,Aslan,2013-11-11
1334,Ömer,2024-01-13
1335,Miraç,2012-07-01
1336,Eymen,2013-03-06
1337,Mehmet,2011-05-23
1338,Mustafa,2015-01-11
1339,Ahmet,2021-05-16
1340,Ali,2018-11-28
1341,Hüseyin,2021-06-23
1342,Hasan,2022-11-05
1343,Ibrahim,2012-12-28
1344,İsmail,2024-04-14
1345,Osman,2021-07-11
1346,Yusuf,2012-07-12
1347,Mohammad,2011-05-17
1348,Ali,2024-03-16
1349,Omar,2021-06-11
1350,Ahmad/Ahmed,2023-06-14
1351,Abdulla/Abdullah,2024-11-18
1352,Muhammadali,2024-04-11
1353,Mustafo,2017-05-07
1354,Abdulloh,2019-11-11
1355,Muhammad,2019-03-07
1356,Muhammadyusuf,2016-10-22
1357,Muhammadamin,2018-02-22
1358,Nurmuhammad,2022-08-10
1359,Muhammadjon,2025-09-04
1360,Imronbek,2022-08-15
1361,Muhammadziyo,2020-05-08
1362,Tuân,2012-03-11
1363,Hùng,2013-08-29
1364,Nam,2017-03-17
1365,Huy,2012-04-23
1366,Long,2025-04-08
1367,Hai,2019-04-23
1368,Hieu,2015-05-17
1369,Son,2023-08-13
1370,Hoang,2013-06-23
1371,Duy,2017-12-11
1372,Maryam مريم,2022-11-01
1373,Fatima فاطمة,2018-11-09
1374,Lyn لين,2018-07-31
1375,Hur حور,2025-08-19
1376,Lian ليان,2023-02-11
1377,Maria ماريا,2021-04-15
1378,Malak ملك,2011-02-19
1379,Nur نور,2016-04-27
1380,Mila ميلا,2023-06-30
1381,Farah فرح,2012-09-17
1382,Nare,2023-05-18
1383,Arpi,2025-08-24
1384,Maria,2019-07-21
1385,Lucy,2019-12-30
1386,Maneh,2015-08-15
1387,Mari,2013-11-10
1388,Eva,2018-08-31
1389,Luse,2012-10-10
1390,Angelina,2020-03-30
1391,Anna,2010-12-10
1392,Anahit,2019-09-08
1393,Gayane,2014-11-11
1394,Anna,2023-10-08
1395,Karine,2018-07-07
1396,Hasmik,2019-01-08
1397,Lusine,2012-06-02
1398,Susanna,2016-06-13
1399,Armine,2014-02-21
1400,Narine,2014-02-27
1401,Lilit,2022-03-07
1402,Zahra,2025-06-20
1403,Zeinab,2020-10-28
1404,Maryam,2010-11-22
1405,Nilay,2010-05-25
1406,Aylin,2015-12-16
1407,Melisa,2020-07-09
1408,Ayla,2013-12-14
1409,Fatima,2018-04-29
1410,İnci,2010-10-19
1411,Malak,2011-02-28
1412,Sevinj,2013-02-17
1413,Gunel,2021-01-30
1414,Leyla,2011-10-30
1415,Aygun,2012-08-25
1416,Gunay,2016-07-09
1417,Sevda,2018-07-27
1418,Vusala,2016-12-28
1419,Konul,2018-06-10
1420,Aysel,2013-01-17
1421,Tarana,2018-10-30
1422,Fatima,2020-04-29
1423,Maryam,2016-11-26
1424,Mona,2016-08-03
1425,Eman,2013-08-29
1426,Huda,2012-03-03
1427,Hanan,2010-12-02
1428,Zahra,2023-10-18
1429,Amal,2011-06-23
1430,Nadia,2012-04-07
1431,Alaa,2025-12-13
1432,Sharmin,2019-06-22
1433,Jannatul,2019-11-08
1434,Fatema,2021-02-01
1435,Sadia,2017-12-07
1436,Taslima,2018-06-22
1437,Tania,2018-05-10
1438,Salma,2018-01-30
1439,Asma,2018-05-24
1440,Nasrin,2022-11-14
1441,Farjana,2022-08-31
1442,Chandra,2013-11-08
1443,Man,2025-08-03
1444,Kinga,2020-10-24
1445,Krishna,2018-11-30
1446,Indra,2015-12-02
1447,Santa,2017-02-02
1448,Devi,2022-04-25
1449,Tara,2025-04-26
1450,Amber,2016-05-04
1451,Sita,2010-12-03
1452,Lee,2024-09-04
1453,Nur,2017-05-16
1454,Nor,2013-10-29
1455,Ling,2013-04-26
1456,Ting,2019-07-28
1457,Noor,2013-07-07
1458,Hong,2011-05-09
1459,Chan,2016-04-29
1460,Mary,2017-05-25
1461,Han,2012-07-16
1462,Chan,2020-09-19
1463,Kim,2024-11-27
1464,Yan,2021-05-21
1465,Ni,2025-10-22
1466,Li,2014-04-19
1467,Sina,2010-09-04
1468,Sophie,2019-01-23
1469,Nan,2011-09-06
1470,Thea,2013-06-23
1471,Chang,2011-12-26
1472,Yī nuò,2016-08-31
1473,Yī nuò,2019-02-02
1474,Xīn yí,2012-12-06
1475,Zǐ hán,2014-01-06
1476,Yǔ tóng,2012-04-06
1477,Xīn yán,2022-01-20
1478,Kě xīn,2012-07-11
1479,Yǔ xī,2018-02-05
1480,Yǔ tóng,2012-12-26
1481,Mèng yáo,2020-12-21
1482,Aditi,2017-12-23
1483,Inaya,2025-02-05
1484,Aarya,2023-01-10
1485,Kiara,2012-04-04
1486,Aadhya,2013-09-10
1487,Vamika,2025-06-10
1488,Pari,2021-09-22
1489,Jiya,2010-08-03
1490,Mehar,2019-08-08
1491,Amayra,2021-11-06
1492,Sunita,2012-01-07
1493,Anita,2010-03-27
1494,Gita,2022-02-27
1495,Rekha,2019-01-29
1496,Shanti,2016-01-09
1497,Usha,2019-12-22
1498,Asha,2014-03-31
1499,Mina,2021-01-11
1500,Laxmi,2020-12-07
1501,Sita,2021-10-15
1502,Nurhayati,2014-05-16
1503,Sulastri,2017-04-04
1504,Sumiati,2021-05-30
1505,Sri Wahyuni,2010-09-11
1506,Sumarni,2025-04-14
1507,Sunarti,2020-08-02
1508,Siti Aminah,2018-12-06
1509,Aminah,2016-06-30
1510,Ernawati,2023-08-03
1511,Kartini,2023-11-03
1512,Allea Shanum Almahyra,2014-12-20
1513,Alifazea Amanda,2021-03-31
1514,Adiva Arsyila Savina,2011-07-26
1515,Aleeya Dzakira,2020-10-05
1516,Khalisa Yumna Alzena,2023-12-04
1517,Arumi Nasha Razeta,2015-01-08
1518,Fatimah Azzahra,2014-07-22
1519,Inara Rizqiana Alesha,2023-02-23
1520,Fatimah Az Zahra,2012-02-11
1521,Maisya Salsabila,2025-07-11
1522,Fatemeh,2023-12-29
1523,Zahra,2013-06-07
1524,Helma,2015-08-28
1525,Zeinab,2011-03-10
1526,Yasna,2017-06-25
1527,Ava,2023-01-05
1528,Mersana,2016-07-25
1529,Nazanin-Zahra,2025-03-27
1530,Baran,2020-08-30
1531,Fatemeh-Zahra,2011-12-02
1532,Fatemeh,2019-04-15
1533,Zahra,2012-04-13
1534,Maryam,2018-05-28
1535,Ma'soumeh,2014-06-27
1536,Sakineh,2017-01-26
1537,Zeinab,2012-07-09
1538,Roghayyeh,2018-05-24
1539,Khadije,2018-05-18
1540,Leyla,2018-08-05
1541,Somayyeh,2024-01-04
1542,Avigail,2025-02-25
1543,Maryam,2016-12-30
1544,Miriam,2011-09-02
1545,Tamar,2018-09-06
1546,Sarah,2017-04-14
1547,Yael,2019-08-18
1548,Lia,2014-09-02
1549,Ayala,2022-04-15
1550,Libi,2023-02-26
1551,Ella,2025-03-15
1552,Noa,2022-02-17
1553,Avigail אביגיל,2018-08-06
1554,Tamar תמר,2020-02-17
1555,Yael יעל,2015-07-28
1556,Lia ליה,2018-01-17
1557,Libi ליבי,2016-09-14
1558,Sarah שרה,2021-12-01
1559,Noa נועה,2025-03-24
1560,Ayala אילה,2020-01-02
1561,Ella אלה,2013-10-31
1562,Adel/Edel אדל,2022-12-30
1563,Maryam,2011-10-15
1564,Shams,2012-05-21
1565,Lyn,2022-07-13
1566,Malek,2013-07-09
1567,Jori,2017-08-05
1568,Lian,2012-04-18
1569,Mila,2023-10-02
1570,Aline,2016-11-22
1571,Nur,2018-03-10
1572,Marya,2012-04-08
1573,Lin,2022-08-25
1574,Maria,2018-03-11
1575,Sama,2018-11-17
1576,Celine,2021-03-03
1577,Leah,2023-08-22
1578,Mila,2019-11-21
1579,Ayalah,2014-09-02
1580,Lur,2016-10-25
1581,Lin,2011-03-27
1582,Yasmin,2017-10-11
1583,Sana さな,2023-07-24
1584,Ema えま,2014-04-03
1585,Mei めい,2024-10-07
1586,Mio みお,2012-07-09
1587,Tsumugi つむぎ,2022-08-18
1588,Sui すい,2014-04-09
1589,Koharu こはる,2019-07-28
1590,Ena えな,2013-09-26
1591,Nagisa なぎさ,2013-11-19
1592,Rio りお,2021-01-11
1593,Tsumugi ツムギ,2012-11-18
1594,Ema エマ,2015-12-23
1595,Sana サナ,2025-10-27
1596,Koharu コハル,2014-11-13
1597,Mei メイ,2012-05-31
1598,Aoi アオイ,2022-08-14
1599,Sui スイ,2013-11-11
1600,Mio ミオ,2019-12-05
1601,Himari ヒマリ,2018-04-06
1602,Yui ユイ,2024-03-03
1603,Misk,2017-09-21
1604,Salma,2019-10-16
1605,Wateen,2018-04-07
1606,Massa,2022-08-02
1607,Zayna,2025-05-26
1608,Mariam,2013-07-25
1609,Mira,2017-04-30
1610,Sarah,2020-08-20
1611,Leen,2017-12-06
1612,Aylin,2019-11-24
1613,Aylin,2012-05-01
1614,Medina,2014-12-24
1615,Asylym,2019-05-05
1616,Aysha,2025-12-24
1617,Tomiris,2023-10-13
1618,Ayala,2013-03-29
1619,Ayim,2015-02-16
1620,Rayana,2016-11-04
1621,Sofia,2022-01-13
1622,Mariyam,2013-10-08
1623,Fatma,2012-12-02
1624,Mariam,2020-04-03
1625,Hussa,2014-07-07
1626,Sherifa,2014-08-24
1627,Sara,2017-02-26
1628,Reem,2016-07-31
1629,Aisha,2021-06-01
1630,Dalal,2013-10-03
1631,Lulwa,2014-01-13
1632,Shaikha,2020-12-26
1633,Saliha,2023-03-04
1634,Rayana,2023-08-03
1635,Amina,2016-05-05
1636,Fátima,2020-11-14
1637,Aylin,2024-03-10
1638,Aliya,2020-03-26
1639,Safiya,2017-04-17
1640,Aruuzat,2011-11-15
1641,Hadicha,2019-10-14
1642,Aruuke,2020-07-06
1643,Marie,2012-10-18
1644,Fatima,2013-08-12
1645,Jessica,2018-11-21
1646,Zeinab,2012-01-19
1647,Mariam,2011-08-08
1648,Sarah,2011-05-17
1649,Maya,2014-06-11
1650,Layla,2010-01-31
1651,Christina,2013-02-13
1652,Amal,2014-11-16
1653,Nur,2020-12-25
1654,Wan,2022-06-01
1655,Nurul,2010-11-10
1656,Aisyah,2025-11-28
1657,Maryam,2022-09-06
1658,Siti,2020-05-14
1659,Dhia,2019-06-18
1660,Naura,2022-11-19
1661,Ayra,2019-10-15
1662,Puteri,2022-02-03
1663,Amin-Erdene,2015-09-06
1664,Michele,2012-08-12
1665,Sondor,2014-04-08
1666,Egshiglen,2015-02-28
1667,Anhilen,2018-09-01
1668,Min,2012-04-27
1669,Lin,2023-05-05
1670,Yu,2020-08-06
1671,Lei,2013-07-01
1672,Ni,2024-08-07
1673,Ye,2015-05-13
1674,Yin,2021-02-14
1675,Wei,2016-06-09
1676,Yan,2010-07-19
1677,Yi,2012-01-11
1678,Laxmi लक्ष्मी,2021-01-08
1679,Kamala कमला,2017-07-20
1680,Sita  सिता,2017-01-04
1681,Sunita सुनिता,2019-01-19
1682,Mina मिना,2021-05-28
1683,Fatima,2025-10-23
1684,Fozia,2016-02-17
1685,Bismah,2010-01-14
1686,Sobia,2022-06-24
1687,Farrah,2024-05-13
1688,Maryam,2022-05-04
1689,Farzana,2025-11-05
1690,Ayesha,2023-07-28
1691,Sakeena,2015-08-28
1692,Zainab,2017-11-18
1693,Althea,2011-08-02
1694,Angel,2021-01-27
1695,Zoey,2015-03-01
1696,Chloe,2025-05-22
1697,Nathalie,2010-07-07
1698,Sofia,2025-11-24
1699,Zia,2019-02-13
1700,Princess,2023-09-11
1701,Samantha,2011-04-23
1702,Ayesha,2022-12-09
1703,Sara,2023-02-27
1704,Latifa,2017-07-30
1705,Nora,2013-12-15
1706,Hessa,2019-01-03
1707,Maysoun,2010-08-06
1708,Maha,2015-08-17
1709,Nouf,2014-04-23
1710,Noor,2016-12-21
1711,Reema,2014-10-17
1712,Alanoud,2013-08-29
1713,Seoh-ah,2023-03-16
1714,Yi-seo,2014-01-08
1715,Ah-yoon,2019-05-18
1716,Ji-ah,2024-02-12
1717,Ha-yoon,2011-04-26
1718,Seo-yoon,2012-12-05
1719,Ji-yoo,2024-10-19
1720,Shi-ah,2022-06-25
1721,Ji-an,2010-06-01
1722,Ah-rin,2011-02-26
1723,Aruna,2011-10-12
1724,Asela,2021-02-16
1725,Amal,2011-10-08
1726,Ayesha,2021-03-31
1727,Nayana,2015-09-13
1728,Chandra,2011-11-22
1729,Priyanka,2012-06-22
1730,Anjana,2018-07-11
1731,Nirmala,2016-04-18
1732,Shu-fen,2011-01-21
1733,Shu-hui,2025-07-23
1734,Mei-ling,2016-05-13
1735,Ya-ting,2011-12-07
1736,Mei-hui,2010-10-21
1737,Li-hua,2017-08-20
1738,Shu-chuan,2018-06-03
1739,Shu-chen,2022-05-16
1740,I-chun,2013-11-21
1741,Shu-hua,2013-08-21
1742,Sumayah,2020-07-14
1743,Asiya,2018-09-09
1744,Oisha,2011-05-04
1745,Googoosh,2025-05-19
1746,Anohito,2020-03-16
1747,Indira,2014-05-12
1748,Somchit,2017-06-21
1749,Nittaya,2025-06-30
1750,Prani,2022-01-24
1751,Kanchana,2022-11-20
1752,Sukanya,2015-05-29
1753,Mali,2012-02-25
1754,Wilai,2015-08-30
1755,Watsana,2018-03-21
1756,Rattana,2015-11-16
1757,Wanphen,2014-04-27
1758,Defne,2024-12-20
1759,Asel,2021-03-01
1760,Zeynep,2011-05-28
1761,Asya,2017-09-09
1762,Gökçe,2022-12-21
1763,Zümra,2018-08-13
1764,Elif,2019-03-18
1765,Elisa,2023-08-11
1766,Lina,2016-04-18
1767,Duru,2012-10-12
1768,Fatma,2012-04-11
1769,Ayşe,2011-12-10
1770,Emine,2017-11-15
1771,Hatice,2020-05-21
1772,Zeynep,2010-02-12
1773,Elif,2012-06-01
1774,Meryem,2013-05-17
1775,Şerife,2021-05-01
1776,Zehra,2015-09-15
1777,Sultan,2012-08-15
1778,Mariam,2010-04-24
1779,Sara/Sarah,2011-11-18
1780,Fatima/Fatma,2014-01-28
1781,Ayesha,2018-11-05
1782,Noor,2016-08-19
1783,Soliha,2025-12-16
1784,Yasmina,2010-08-22
1785,Muslima,2016-12-03
1786,Hadicha,2015-12-10
1787,Imona,2023-01-29
1788,Shukrona,2013-07-25
1789,Sumayya,2017-10-13
1790,Ifora,2014-08-28
1791,Sa'diya,2021-09-19
1792,Mudina,2020-03-08
1793,Anh,2010-06-03
1794,Linh,2022-11-24
1795,Hà,2023-07-13
1796,Trang,2018-03-06
1797,Phương,2019-08-12
1798,Thảo,2013-03-02
1799,Ngọc,2017-06-16
1800,Thùy,2018-10-29
1801,Hoa,2016-05-06
1802,Nguyên,2023-02-28
1803,Noel,2025-01-16
1804,Aron,2016-04-15
1805,Joel,2020-09-13
1806,Roan,2021-09-11
1807,Amar,2014-02-23
1808,Mateo,2023-02-15
1809,Alteo,2012-05-28
1810,Roel,2023-06-26
1811,Luis,2024-02-21
1812,Dion,2012-11-28
1813,Iker,2015-10-30
1814,Leo,2013-09-14
1815,Martí,2015-10-13
1816,Biel,2017-08-04
1817,Dylan,2015-10-10
1818,Jordi,2015-09-08
1819,Marc,2018-08-14
1820,Paul,2015-12-20
1821,Jakob,2013-07-16
1822,Elias,2016-01-08
1823,Maximilian,2022-02-22
1824,Felix,2014-06-28
1825,Noah,2013-05-08
1826,Leon,2014-10-06
1827,David,2017-06-13
1828,Tobias,2013-06-14
1829,Jonas,2019-04-06
1830,Michail,2017-06-24
1831,Macviej,2013-12-07
1832,Mark,2019-04-08
1833,Raman,2015-10-16
1834,Aliaksandr,2023-11-28
1835,Noah,2014-02-25
1836,Arthur,2023-02-16
1837,Liam,2014-01-29
1838,Adam,2020-03-04
1839,Louis,2017-03-14
1840,Jules,2015-11-14
1841,Lucas,2010-09-19
1842,Gabriel,2017-01-11
1843,Victor,2016-03-01
1844,Matteo,2010-01-24
1845,Ali,2023-10-27
1846,Omar,2013-09-01
1847,Imran,2021-01-04
1848,Davud,2023-10-18
1849,Isa,2019-07-10
1850,Adi,2020-11-16
1851,Hamza,2011-06-26
1852,Feđa,2013-06-01
1853,Mak,2014-11-20
1854,Rejan,2025-08-27
1855,Georgi,2025-04-13
1856,Aleksandar,2010-10-29
1857,Martin,2011-01-18
1858,Kaloyan,2023-11-22
1859,Nikola,2023-04-18
1860,Daniel,2010-07-15
1861,Teodor,2020-07-31
1862,Ivan,2018-10-11
1863,Dimitar,2021-05-18
1864,Boris,2019-04-24
1865,Luka,2023-06-25
1866,Jakov,2010-08-26
1867,Toma,2014-01-26
1868,David,2024-04-10
1869,Petar,2013-09-13
1870,Niko,2018-12-28
1871,Ivan,2014-03-20
1872,Mateo,2016-05-28
1873,Roko,2024-10-05
1874,Matej,2016-12-14
1875,Andreas,2022-09-23
1876,Georgios,2014-03-20
1877,Konstantinos,2014-09-05
1878,Christos,2022-05-20
1879,Nikolaos,2024-05-25
1880,Michalis,2025-03-15
1881,Panagiotis,2010-02-13
1882,Ioannis,2017-02-06
1883,Marios,2022-12-13
1884,Dimitrios,2017-12-07
1885,Jakub,2013-12-13
1886,Adam,2018-09-18
1887,Matyáš,2018-05-26
1888,Jan,2010-07-10
1889,Tomáš,2025-11-16
1890,David,2018-02-26
1891,Filip,2017-09-12
1892,Daniel,2014-01-09
1893,Matěj,2022-08-07
1894,Dominik,2015-11-24
1895,Oscar,2010-02-04
1896,Carl,2020-04-19
1897,William,2023-11-12
1898,Noah,2013-07-15
1899,August,2020-11-29
1900,Aksel,2019-12-21
1901,Emil,2017-03-25
1902,Oliver,2016-06-18
1903,Alfred,2022-10-02
1904,Theo,2012-04-23
1905,Muhammad,2012-05-03
1906,Noah,2011-10-02
1907,Oliver,2023-05-20
1908,Arthur,2019-07-02
1909,Leo,2010-06-29
1910,George,2025-01-22
1911,Theodore,2016-01-02
1912,Luca,2010-06-03
1913,Oscar,2013-12-18
1914,Jude,2023-07-27
1915,Mark,2021-03-08
1916,Robin,2020-09-07
1917,Hugo,2024-01-17
1918,Sebastian,2017-06-29
1919,Oliver,2011-07-06
1920,Oskar,2012-11-18
1921,Miron,2012-07-20
1922,Aron,2025-04-13
1923,David,2016-08-14
1924,Rasmus,2021-08-24
1925,Nóa,2025-01-16
1926,Brandur,2014-09-05
1927,Jákup,2024-11-13
1928,Matteo,2013-12-11
1929,Eiri,2011-10-09
1930,Elias,2017-06-30
1931,Baldur,2019-10-02
1932,Jóhan,2011-11-20
1933,John,2010-12-11
1934,Jón,2023-07-05
1935,Lukas,2012-10-18
1936,Oliver,2024-02-23
1937,Eino,2014-05-01
1938,Väinö,2012-09-25
1939,Leo,2025-05-04
1940,Elias,2020-02-15
1941,Onni,2021-06-26
1942,Toivo,2018-11-15
1943,Oiva,2024-12-14
1944,Emil,2024-05-26
1945,Vilho,2014-01-19
1946,Aatos,2023-08-27
1947,Hugo,2022-03-20
1948,Gabriel,2012-11-20
1949,Adam,2022-03-10
1950,Raphaël,2017-05-24
1951,Arthur,2019-03-23
1952,Louis,2019-09-20
1953,Isaac,2022-06-05
1954,Léon,2014-10-17
1955,Mohamed,2018-09-21
1956,Noah,2013-07-19
1957,Léo,2017-04-10
1958,Gabriel,2011-06-11
1959,Raphaël,2024-04-12
1960,Louis,2011-05-13
1961,Léo,2013-04-26
1962,Noah,2014-10-05
1963,Arthur,2015-03-20
1964,Adam,2016-01-07
1965,Jules,2015-06-16
1966,Maël,2019-07-18
1967,Léon,2021-03-19
1968,Giorgi,2025-10-23
1969,Aleksandre,2023-06-25
1970,Demetre,2025-01-22
1971,Noe,2016-02-12
1972,Toma,2016-02-02
1973,Luka,2017-02-26
1974,Dachi,2022-10-27
1975,Ioane,2018-02-15
1976,Vache,2016-05-23
1977,Daniel,2022-01-01
1978,Mohammed,2022-08-09
1979,Liam,2020-02-02
1980,Henry,2019-09-23
1981,Matteo,2018-03-15
1982,Noah,2019-08-09
1983,Emil,2019-02-23
1984,Theo,2017-06-05
1985,Elias,2024-03-23
1986,Finn,2021-10-14
1987,Oskar,2019-03-31
1988,Noah,2019-02-10
1989,Matteo,2023-08-05
1990,Elias,2019-05-09
1991,Luca,2023-09-23
1992,Leon,2023-06-20
1993,Theo,2022-02-28
1994,Finn,2025-05-02
1995,Paul,2012-08-23
1996,Emil,2015-05-30
1997,Henry,2021-05-25
1998,Luca,2015-09-14
1999,Jack,2010-05-13
2000,Leon,2017-08-17
2001,Liam,2025-04-12
2002,James,2020-10-04
2003,Noah,2015-09-23
2004,Theo,2024-02-09
2005,William,2019-07-10
2006,Giorgos,2017-06-21
2007,Yannis,2025-02-02
2008,Konstantinos,2022-06-04
2009,Nikos,2012-02-07
2010,Dimitris,2020-09-24
2011,Panagiotis,2011-03-09
2012,Vasilis,2011-12-03
2013,Christos,2020-10-06
2014,Thanasis,2021-06-30
2015,Andreas,2024-02-07
2016,Charlie,2020-04-04
2017,Reggie,2014-12-25
2018,Dominik,2011-02-08
2019,Olivér,2017-02-24
2020,Levente,2021-11-01
2021,Máté,2017-11-11
2022,Marcell,2019-01-11
2023,Bence,2024-11-14
2024,Milán,2023-10-03
2025,Noel,2022-12-02
2026,Zalán,2011-08-07
2027,Dániel,2011-08-25
2028,Emil,2021-06-04
2029,Jökull,2025-02-15
2030,Óliver,2023-09-18
2031,Matthías,2022-02-01
2032,Birnir,2010-09-29
2033,Alexander,2013-09-04
2034,Aron,2021-05-25
2035,Styrmir,2021-05-01
2036,Birkir,2010-12-26
2037,Viktor,2013-04-30
2038,Jack,2022-03-02
2039,Noah,2014-05-04
2040,Rían,2018-10-04
2041,Cillian,2025-06-16
2042,James,2023-04-16
2043,Tadhg,2023-08-22
2044,Fionn,2024-01-04
2045,Liam,2025-02-10
2046,Oisín,2011-06-10
2047,Charlie,2015-08-18
2048,Archie,2015-01-12
2049,Noah,2017-06-08
2050,Oliver,2020-03-22
2051,Luca,2024-12-19
2052,Teddi/Teddy,2015-12-28
2053,Theo/Theodore,2018-02-07
2054,Leonardo,2011-11-15
2055,Edoardo,2013-01-09
2056,Tommaso,2016-03-16
2057,Francesco,2025-06-14
2058,Alessandro,2016-10-08
2059,Mattia,2025-01-16
2060,Lorenzo,2025-07-09
2061,Gabriele,2014-07-09
2062,Riccardo,2019-02-14
2063,Andrea,2014-10-17
2064,Oliver,2010-10-26
2065,Oscar,2019-05-16
2066,Jack,2021-04-06
2067,Leo,2024-06-19
2068,Alfie,2016-05-03
2069,Archie,2016-11-26
2070,George,2022-07-27
2071,Gabriel,2011-04-29
2072,Lucas,2011-11-30
2073,Luca,2011-09-17
2074,Olivers,2022-02-18
2075,Teodors,2023-10-18
2076,Emīls,2017-09-17
2077,Kārlis,2012-10-31
2078,Gustavs,2020-09-23
2079,Roberts,2024-03-06
2080,Jēkabs,2025-04-22
2081,Lūkass,2017-05-31
2082,Marks,2013-07-11
2083,Tomass,2014-06-24
2084,Leon,2021-02-02
2085,Noah/Noa,2010-08-26
2086,Elias,2011-01-14
2087,Julian,2017-04-18
2088,Laurin,2017-02-12
2089,Leano,2021-09-02
2090,Levi,2013-08-28
2091,Linus,2021-10-10
2092,Lio,2010-11-12
2093,Lionel,2016-07-21
2094,Luca,2015-12-04
2095,,2021-06-04
2096,Matteo/Mattheo,2022-06-13
2097,Theo,2013-11-15
2098,Valentin,2021-02-11
2099,Markas,2023-01-17
2100,Benas,2010-10-17
2101,Jonas,2021-01-15
2102,Motiejus,2020-07-08
2103,Matas,2014-11-21
2104,Nojus,2024-10-24
2105,Lukas,2014-06-03
2106,Jokūbas,2018-11-16
2107,Leonas,2015-06-03
2108,Adomas,2018-11-25
2109,Gabriel,2017-04-25
2110,Leo,2024-07-25
2111,Noah,2019-11-16
2112,Liam,2013-02-19
2113,Louis,2011-04-09
2114,Leo,2015-06-25
2115,Liam,2013-08-19
2116,Louis,2015-08-23
2117,Matteo,2020-07-08
2118,Noah,2011-03-04
2119,Elias,2016-03-23
2120,Luca,2010-08-11
2121,Theo,2022-04-22
2122,Gabriel,2023-08-01
2123,Lucas,2022-07-20
2124,Noah,2024-06-10
2125,Leonardo,2023-02-25
2126,Luca,2015-07-28
2127,Aleksandar,2015-06-26
2128,Zoran,2010-07-25
2129,Nikola,2017-05-25
2130,Goran,2018-06-04
2131,Dragan,2011-12-30
2132,Dejan,2013-01-28
2133,Petar,2021-06-02
2134,Igor,2014-12-29
2135,Ilija,2017-12-08
2136,Stefan,2025-08-29
2137,Luka,2022-01-11
2138,Damjan,2013-11-14
2139,David,2020-02-03
2140,Jakov,2012-08-26
2141,Matej,2020-06-04
2142,Marko,2019-01-03
2143,Mateo,2018-02-09
2144,Mihail,2017-12-25
2145,Stefan,2018-02-03
2146,Petar,2016-11-09
2147,Matteo,2014-08-23
2148,Noah,2013-06-23
2149,Luca,2018-04-27
2150,Jack,2021-11-28
2151,David,2020-03-13
2152,Matei,2023-12-01
2153,Mark,2016-12-02
2154,Damir,2010-02-10
2155,Alexandru,2018-10-06
2156,Maxim,2014-01-14
2157,Bogdan,2017-06-02
2158,Luca,2024-10-06
2159,Damian,2014-09-23
2160,Jules,2025-04-23
2161,Léo,2015-05-16
2162,Noah,2016-01-28
2163,Liam,2011-08-21
2164,Louis,2013-06-05
2165,Raphaël,2011-11-26
2166,Nikola,2013-03-14
2167,Marko,2021-05-10
2168,Dragan,2021-04-08
2169,Miloš,2016-12-09
2170,Zoran,2013-02-04
2171,Milan,2024-09-20
2172,Aleksandar,2018-01-22
2173,Ivan,2016-09-25
2174,Petar,2023-04-24
2175,Luka,2022-04-23
2176,Luka,2018-03-31
2177,Lazar,2015-06-21
2178,Vasilije,2019-12-06
2179,Petar,2015-07-18
2180,Bogdan,2021-07-22
2181,Vuk,2020-06-20
2182,Viktor,2022-02-01
2183,Stefan,2025-10-24
2184,Jakov,2025-02-15
2185,Andrej,2014-12-20
2186,Noah,2020-08-28
2187,Luca,2016-01-28
2188,Lucas,2024-02-21
2189,Liam,2019-12-04
2190,Sem,2019-04-10
2191,Mees,2012-03-21
2192,Noud,2014-09-11
2193,Levi,2014-11-01
2194,James,2016-01-28
2195,Adam,2021-12-29
2196,James,2016-02-28
2197,Cillian,2020-06-19
2198,Noah,2015-02-04
2199,Jack,2018-12-22
2200,Theo,2020-09-28
2201,Jude,2019-09-16
2202,Luca,2018-12-25
2203,Charlie,2018-06-07
2204,Oisin,2010-11-01
2205,Oliver,2024-03-06
2206,Lucas,2015-01-21
2207,Noah,2011-05-28
2208,Oliver,2018-05-11
2209,Emil,2021-03-11
2210,Jakob,2019-06-04
2211,William,2016-06-26
2212,Theodor,2021-10-16
2213,Ludvig,2025-05-06
2214,Liam,2014-06-07
2215,Johannes,2019-06-15
2216,Nikodem,2020-02-14
2217,Jan,2022-01-09
2218,Aleksander,2012-12-15
2219,Antoni,2023-09-15
2220,Franciszek,2016-08-16
2221,Leon,2013-10-25
2222,Ignacy,2021-04-24
2223,Jakub,2024-08-30
2224,Stanisław,2023-06-16
2225,Mikołaj,2014-12-23
2226,Francisco,2014-10-17
2227,Lourenço,2025-07-17
2228,Vicente,2024-11-23
2229,Tomás,2013-02-26
2230,João,2019-01-31
2231,Duarte,2011-07-16
2232,Afonso,2016-08-14
2233,Gabriel,2012-07-27
2234,Miguel,2017-09-02
2235,Santiago,2016-02-11
2236,Andrei,2019-02-04
2237,Ştefan,2022-12-08
2238,Matei,2013-01-18
2239,Gabriel,2020-02-25
2240,Alexandru,2014-01-08
2241,David,2020-12-17
2242,Ioan,2018-06-08
2243,Ionut,2010-03-29
2244,Nicolas,2023-08-27
2245,Luca,2013-06-01
2246,Mikhail,2022-07-29
2247,Aleksandr,2023-07-11
2248,Lev,2023-07-07
2249,Maxim,2019-03-29
2250,Mark,2021-08-26
2251,Ivan,2022-04-20
2252,Artem,2016-08-11
2253,Matvey,2010-03-18
2254,Alexander,2012-05-22
2255,Sergei,2013-01-24
2256,Dmitry,2020-10-18
2257,Andrei,2025-09-28
2258,Alexey,2010-01-12
2259,Maxim,2022-01-04
2260,Evgeny,2022-12-02
2261,Ivan,2022-03-14
2262,Mikhail,2024-06-30
2263,Artyom,2023-08-17
2264,Tommaso,2020-09-26
2265,Edoardo,2024-11-28
2266,Leonardo,2010-09-08
2267,Noah,2016-08-18
2268,Muhammad,2020-02-10
2269,Rory,2016-09-23
2270,Theo,2020-08-26
2271,Leo,2013-02-26
2272,Luca,2021-03-21
2273,Jack,2019-07-03
2274,Oliver,2025-12-05
2275,Harris,2020-04-22
2276,Archie,2013-04-13
2277,Finlay,2025-03-17
2278,Dragan,2017-05-26
2279,Milan,2019-08-28
2280,Aleksandar,2016-03-09
2281,Zoran,2011-07-01
2282,Nikola,2020-08-27
2283,Miloš,2012-01-13
2284,Marko,2021-11-15
2285,Goran,2020-02-01
2286,Dušan,2010-06-17
2287,Dejan,2011-05-30
2288,Luka,2013-05-22
2289,Vasilije,2016-01-23
2290,Bogdan,2021-03-22
2291,Lazar,2024-10-13
2292,Vukan,2012-01-17
2293,Stefan,2012-08-17
2294,Vuk,2024-10-20
2295,Aleksa,2025-11-29
2296,Pavle,2023-08-09
2297,Dušan,2010-07-07
2298,Jakub,2010-08-19
2299,Samuel,2023-02-24
2300,Adam,2024-06-05
2301,Šimon,2019-06-05
2302,Michal,2022-02-07
2303,Oliver,2025-08-01
2304,Tomáš,2020-03-07
2305,Filip,2012-03-17
2306,Matej,2011-04-24
2307,Martin,2017-04-06
2308,Luka,2025-06-14
2309,Nik,2012-02-02
2310,Filip,2022-02-20
2311,Jakob,2013-08-14
2312,Mark,2012-05-26
2313,Lovro,2024-12-06
2314,Liam,2010-11-15
2315,Tim,2010-04-04
2316,Lan,2012-06-11
2317,Oskar,2021-10-11
2318,Oliver,2020-06-15
2319,Hugo,2014-03-02
2320,Mateo,2020-03-16
2321,Martín,2016-02-16
2322,Leo,2020-11-30
2323,Lucas,2012-01-22
2324,Manuel,2022-04-20
2325,Pablo,2019-03-03
2326,Alejandro,2018-09-08
2327,Enzo,2023-06-24
2328,Daniel,2014-07-22
2329,Oihan,2018-01-29
2330,Martín,2021-08-02
2331,Julen,2022-07-23
2332,Aimar,2016-10-27
2333,Markel,2021-02-12
2334,Ibai,2022-09-01
2335,Jon,2016-12-30
2336,Luka,2012-05-03
2337,Luken,2016-01-15
2338,Izei,2017-08-21
2339,Jan,2024-05-17
2340,Biel,2015-07-24
2341,Pol,2021-09-24
2342,Nil,2025-07-26
2343,Leo,2011-07-17
2344,Martí,2018-02-01
2345,Marc,2017-01-31
2346,Hugo,2017-01-21
2347,Àlex,2017-02-25
2348,Liam,2022-03-14
2349,Noah,2022-09-18
2350,William,2022-09-08
2351,Hugo,2023-04-24
2352,Liam,2011-12-04
2353,Adam,2013-09-29
2354,August,2022-09-05
2355,Nils,2014-10-05
2356,Leo,2017-03-21
2357,Oliver,2020-10-09
2358,Otto,2019-04-01
2359,Sam,2022-09-12
2360,Noah,2012-01-29
2361,Liam,2010-11-02
2362,Matteo,2019-05-31
2363,Gabriel,2010-08-29
2364,Luca,2011-02-15
2365,Leo,2013-04-22
2366,Louis,2013-03-23
2367,Elio,2022-09-19
2368,Leon,2023-03-07
2369,Leano,2024-05-09
2370,Lev,2015-01-06
2371,Matviy,2016-08-11
2372,Mark,2024-02-29
2373,Artem,2016-01-19
2374,Tymofiy,2018-03-23
2375,Artem,2011-10-08
2376,Maksym,2021-05-17
2377,Bohdan,2011-11-26
2378,Dmytro,2020-04-01
2379,Mykhaylo,2016-08-15
2380,Andriy,2025-12-07
2381,Denys,2022-07-17
2382,Danylo,2012-01-25
2383,Tymofiy,2024-04-14
2384,Makar,2024-09-30
2385,Mark,2019-10-28
2386,Noah,2012-12-13
2387,Luca,2025-04-03
2388,Oliver,2021-05-14
2389,Arthur,2015-02-07
2390,Archie,2022-05-06
2391,Theo,2021-04-01
2392,Leo,2012-09-13
2393,Oscar,2010-05-03
2394,Arlo,2011-01-04
2395,Theodore,2010-02-08
2396,Amelia,2012-06-19
2397,Ajla,2018-09-24
2398,Aria,2020-06-03
2399,Amelja,2010-02-18
2400,Leandra,2016-07-06
2401,Ambra,2018-01-22
2402,Klea,2022-06-17
2403,Melisa,2025-03-13
2404,Amaris,2017-09-12
2405,Reina,2010-05-16
2406,Martina,2014-06-17
2407,Emma,2016-12-29
2408,Jana,2017-07-14
2409,Lucia,2016-08-25
2410,Emilia,2021-06-20
2411,Marie,2015-09-13
2412,Emma,2025-06-15
2413,Anna,2023-05-31
2414,Mia,2019-08-07
2415,Sophia,2012-02-08
2416,Valentina,2020-08-09
2417,Lena,2014-02-14
2418,Lea,2025-02-12
2419,Laura,2022-02-21
2420,Safija,2024-09-27
2421,Yeva,2019-06-11
2422,Hanna,2018-12-20
2423,Vasilisa,2018-09-09
2424,Kseniya,2024-09-28
2425,Olivia,2011-03-25
2426,Emma,2017-11-02
2427,Louise,2011-05-12
2428,Lina,2022-08-05
2429,Sofia,2024-03-22
2430,Alice,2024-11-03
2431,Eva,2019-10-18
2432,Anna,2018-11-20
2433,Mila,2014-06-23
2434,Juliette,2020-05-20
2435,Iman,2012-10-15
2436,Nur,2012-11-14
2437,Hana,2019-09-23
2438,Farah,2012-01-29
2439,Ema,2018-12-22
2440,Sara,2016-02-04
2441,Aya,2022-05-04
2442,Mia,2023-02-28
2443,Sofija,2014-07-20
2444,Una,2024-05-21
2445,Viktoriya,2015-02-10
2446,Mariya,2015-11-05
2447,Sofiya,2019-06-07
2448,Nikol,2014-07-13
2449,Raya,2015-04-07
2450,Gabriela,2015-09-01
2451,Aleksandra,2023-01-01
2452,Yoana,2019-12-31
2453,Elena,2012-06-21
2454,Dariya,2010-08-03
2455,Mia,2023-12-04
2456,Rita,2014-03-01
2457,Nika,2017-03-25
2458,Mila,2022-06-11
2459,Lucija,2013-10-12
2460,Ema,2018-02-12
2461,Marta,2010-04-05
2462,Sara,2025-07-07
2463,Eva,2024-09-26
2464,Dora,2016-03-17
2465,Lara,2016-05-21
2466,Maria,2020-07-27
2467,Eleni,2020-12-21
2468,Androula,2025-08-08
2469,Georgia,2010-11-09
2470,Panagiota,2024-01-09
2471,Anna,2011-09-18
2472,Christina,2023-11-09
2473,Katerina,2025-04-19
2474,Ioanna,2025-08-10
2475,Kyriaki,2015-10-31
2476,Eliška,2010-08-20
2477,Anna,2016-10-20
2478,Sofie,2011-08-17
2479,Viktorie,2023-11-29
2480,Adéla,2010-10-07
2481,Ema,2025-12-07
2482,Tereza,2012-10-02
2483,Laura,2014-06-28
2484,Amálie,2010-03-25
2485,Natálie,2014-02-23
2486,Mia,2010-04-05
2487,Emma,2010-06-12
2488,Ella,2015-04-24
2489,Luna,2017-10-26
2490,Alma,2010-02-26
2491,Frida,2012-11-19
2492,Olivia,2021-10-18
2493,Ida,2013-04-18
2494,Agnes,2013-12-22
2495,Karla,2017-02-07
2496,Nora,2015-03-21
2497,Olivia,2022-08-07
2498,Amelia,2017-10-14
2499,Lily,2018-04-01
2500,Isla,2015-03-26
2501,Ivy,2010-05-04
2502,Florence,2016-07-10
2503,Freya,2016-07-17
2504,Poppy,2016-10-13
2505,Ava,2010-07-09
2506,Elsie,2015-08-24
2507,Sofia,2013-07-05
2508,Mia,2013-12-29
2509,Eva,2024-07-04
2510,Emma,2018-09-24
2511,Emilia,2019-10-24
2512,Lenna,2011-11-30
2513,Olivia,2022-12-09
2514,Nora,2013-11-25
2515,Emily,2021-08-17
2516,Amelia,2017-09-17
2517,Emma,2023-02-08
2518,Ida,2016-09-25
2519,Hanna,2022-03-20
2520,Olivia,2014-11-26
2521,Ann,2010-01-06
2522,Anna,2011-05-06
2523,Brim,2024-01-24
2524,Maria,2018-10-01
2525,Teresa,2025-06-28
2526,Bára,2020-05-20
2527,Elisa,2016-06-15
2528,Emilia,2011-08-07
2529,Glæma,2014-12-15
2530,Lillý,2022-03-18
2531,Lív,2017-12-26
2532,Marjun,2021-04-20
2533,Nora,2022-02-16
2534,Silja,2015-10-28
2535,Sólja,2017-05-29
2536,Olivia,2021-11-05
2537,Aino,2019-06-02
2538,Linnea,2023-03-23
2539,Sofia,2015-04-08
2540,Ellen,2015-05-22
2541,Isla,2024-03-29
2542,Lilja,2024-06-29
2543,Eevi,2024-06-16
2544,Aava,2013-01-22
2545,Helmi,2017-04-23
2546,Viola,2017-10-06
2547,Hilla,2018-03-02
2548,Louise,2017-03-10
2549,Alma,2022-02-16
2550,Emma,2023-02-25
2551,Olivia,2016-08-08
2552,Jeanne,2017-07-23
2553,Adèle,2014-06-26
2554,Gabrielle,2010-05-11
2555,Sofia,2016-09-25
2556,Anna,2015-10-23
2557,Alice,2018-09-20
2558,Louise,2020-01-22
2559,Jade,2017-10-07
2560,Ambre,2011-04-02
2561,Alba,2013-10-23
2562,Emma,2011-08-11
2563,Alma,2012-02-17
2564,Romy,2024-05-19
2565,Rose,2014-04-14
2566,Alice,2024-03-19
2567,Anna,2012-06-03
2568,Nitsa,2020-04-03
2569,Marta,2019-08-16
2570,Mariam,2022-02-22
2571,Elene,2013-11-15
2572,Mariami,2022-06-23
2573,Taia,2024-11-24
2574,Lile,2020-04-18
2575,Eva,2017-12-19
2576,Nia,2023-08-24
2577,Nene,2016-07-25
2578,Hannah,2013-03-08
2579,Emma,2022-05-01
2580,Mia,2011-03-31
2581,Emilia,2011-09-04
2582,Mathilda,2016-01-10
2583,Lia,2018-09-04
2584,Charlotte,2018-10-07
2585,Clara,2015-11-05
2586,Mila,2023-08-02
2587,Emily,2022-12-31
2588,Emilia,2021-05-23
2589,Sophia,2021-04-09
2590,Emma,2020-09-07
2591,Hannah,2012-01-01
2592,Mia,2020-03-08
2593,Lina,2022-01-04
2594,Ella,2025-05-14
2595,Lia,2015-07-09
2596,Leni,2021-07-09
2597,Mila,2022-03-30
2598,Ava,2014-12-30
2599,Lucia,2025-06-20
2600,Evie,2021-04-26
2601,Lily,2019-07-16
2602,Olivia,2025-03-27
2603,Sienna,2022-10-23
2604,Maria,2016-11-26
2605,Eleni,2011-09-30
2606,Aikaterini,2023-07-19
2607,Vasiliki,2010-09-19
2608,Basiliki,2013-04-10
2609,Sophia,2019-01-07
2610,Angeliki,2021-01-17
2611,Georgia,2018-11-29
2612,Dimitra,2022-08-18
2613,Konstantina,2018-06-09
2614,Paraskevi,2016-07-25
2615,Paraskeui,2023-02-11
2616,Charlotte,2025-07-13
2617,Isla,2011-09-25
2618,Amelia,2023-09-29
2619,Evie,2015-02-19
2620,Harper,2023-03-09
2621,Isabella,2019-01-01
2622,Mila,2015-09-08
2623,Olivia,2024-06-19
2624,Pippa,2018-10-07
2625,Hanna,2021-07-29
2626,Anna,2017-06-11
2627,Luca,2021-01-20
2628,Zoé,2025-02-10
2629,Léna,2018-07-08
2630,Emma,2023-09-06
2631,Olívia,2021-08-16
2632,Boglárka,2017-10-06
2633,Lili,2011-01-02
2634,Kamilla,2016-11-06
2635,Aþena,2016-05-16
2636,Embla,2025-05-26
2637,Birta,2017-07-18
2638,Emilía,2021-05-29
2639,Sara,2025-05-07
2640,Matthildur,2018-12-13
2641,Andrea,2014-07-12
2642,Bríet,2018-12-26
2643,Hekla,2011-04-07
2644,Júlía,2025-03-30
2645,Sophie,2018-04-01
2646,Éabha,2011-08-08
2647,Grace,2017-07-22
2648,Emily,2021-02-20
2649,Fiadh,2024-04-25
2650,Lily,2018-10-22
2651,Olivia,2017-07-21
2652,Amelia,2013-04-07
2653,Sadie,2020-03-07
2654,Mia,2025-05-22
2655,Isabella/Isabelle,2010-12-04
2656,Darcie/Darcy,2013-03-08
2657,Halle/Hallie,2022-04-21
2658,Mabel,2016-01-04
2659,Olivia,2019-02-07
2660,Willow,2021-05-17
2661,Sofia,2015-07-08
2662,Aurora,2019-06-14
2663,Ginevra,2015-05-08
2664,Vittoria,2024-03-18
2665,Giulia,2012-06-30
2666,Beatrice,2024-03-05
2667,Ludovica,2016-05-12
2668,Alice,2019-01-14
2669,Emma,2021-10-21
2670,Matilde,2010-11-07
2671,Olivia,2018-05-14
2672,Isla,2020-08-31
2673,Mia,2015-09-24
2674,Emilia,2013-08-04
2675,Emily,2022-04-02
2676,Isabella,2025-12-13
2677,Luna,2012-03-26
2678,Florence,2010-11-16
2679,Phoebe,2016-02-23
2680,Amelia,2019-08-28
2681,Emīlija,2024-03-20
2682,Amēlija,2017-06-22
2683,Emma,2014-08-10
2684,Sofija,2024-08-29
2685,Nora,2025-04-05
2686,Marta,2014-11-30
2687,Melānija,2014-07-14
2688,Estere,2010-08-05
2689,Alise,2013-04-12
2690,Sophia,2016-04-17
2691,Leyla,2024-05-31
2692,Livia,2016-08-18
2693,Alina,2023-02-26
2694,Chiara,2023-06-08
2695,Leonie,2022-11-05
2696,Lia,2016-08-15
2697,Paula,2019-07-22
2698,Ajla/Ayla,2014-06-26
2699,Amelie,2019-09-22
2700,Elisa,2016-08-20
2701,Emilia,2013-06-06
2702,Fiona,2021-01-20
2703,Freya,2019-12-16
2704,Hanna/Hannah,2021-06-19
2705,Ida,2017-04-03
2706,Ilenia,2022-09-06
2707,Laura,2015-01-29
2708,Lina,2012-09-11
2709,Lou,2016-11-18
2710,Luisa,2024-07-04
2711,Maya,2016-06-20
2712,Melina,2012-05-11
2713,Nelia,2016-04-19
2714,Noelia,2014-04-22
2715,Nora,2014-05-29
2716,Olivia,2018-06-19
2717,Romina,2015-02-27
2718,Timea,2018-07-14
2719,Valea,2011-07-31
2720,Amelija,2022-12-29
2721,Sofija,2020-09-16
2722,Emilija,2017-02-05
2723,Luknė,2019-09-18
2724,Lėja,2023-06-25
2725,Liepa,2022-01-10
2726,Olivija,2010-03-13
2727,Adelė,2022-09-06
2728,Ema,2017-11-30
2729,Patricija,2015-08-01
2730,Emma,2017-02-22
2731,Olivia,2017-07-07
2732,Mia,2016-03-16
2733,Maria,2017-08-08
2734,Chloé,2011-12-22
2735,Luna,2010-03-31
2736,Sofia,2022-01-18
2737,Mia,2019-05-10
2738,Sophie,2020-10-12
2739,Olivia,2022-08-26
2740,Chloé,2016-12-16
2741,Eva,2024-11-30
2742,Charlotte,2020-03-29
2743,Ellie,2012-03-25
2744,Emma,2011-08-22
2745,Emma,2011-06-12
2746,Maria,2014-09-23
2747,Olivia,2025-09-14
2748,Sofia,2015-03-15
2749,Alice,2014-06-28
2750,Marija,2023-05-15
2751,Elena,2016-12-13
2752,Biljana,2019-01-14
2753,Vesna,2023-01-24
2754,Snezana,2013-07-23
2755,Violeta,2017-04-03
2756,Aleksandra,2010-08-21
2757,Suzana,2015-09-01
2758,Katerina,2025-02-05
2759,Ivana,2021-12-09
2760,Ana,2017-10-04
2761,Jana,2024-10-22
2762,Sofija,2018-01-16
2763,Hana,2015-12-17
2764,Jovana,2017-06-02
2765,Mila,2023-03-10
2766,Bisera,2024-05-30
2767,Mia,2011-08-19
2768,Dua,2016-06-02
2769,Sara,2023-07-02
2770,Emma,2025-08-28
2771,Valentina,2012-12-02
2772,Julia,2025-05-01
2773,Nina,2015-03-03
2774,Sofia,2020-06-30
2775,Amelia,2011-03-25
2776,Eva,2020-06-14
2777,Maria,2017-06-07
2778,Victoria,2012-12-16
2779,Daria,2020-12-18
2780,Anastasia,2015-12-22
2781,Alexandra,2022-01-02
2782,Mia,2012-09-07
2783,Emma,2019-05-04
2784,Rose,2015-04-26
2785,Victoria,2018-09-14
2786,Emma,2012-12-31
2787,Louise,2010-06-16
2788,Angelina,2021-03-29
2789,Lina,2023-08-12
2790,Jelena,2017-06-16
2791,Milica,2022-04-03
2792,Marija,2010-09-01
2793,Ivana,2022-12-09
2794,Milena,2014-03-08
2795,Ana,2024-09-08
2796,Dragana,2018-03-04
2797,Radmila,2016-07-05
2798,Vesna,2021-03-29
2799,Ljiljana,2011-09-23
2800,Sofija,2024-04-17
2801,Dunja,2025-03-20
2802,Maša,2023-07-06
2803,Sara,2015-08-02
2804,Teodora,2021-03-22
2805,Ksenija,2022-09-14
2806,Mila,2010-03-05
2807,Bogdana,2015-11-19
2808,Helena,2016-02-16
2809,Jana,2019-08-31
2810,Emma,2018-09-22
2811,Olivia,2012-12-25
2812,Nora,2010-02-10
2813,Julia,2013-12-31
2814,Sophie,2014-06-15
2815,Mila,2017-06-04
2816,Noor,2019-07-04
2817,Yara,2014-09-26
2818,Sara,2012-05-05
2819,Zoë,2019-03-19
2820,Grace,2018-01-19
2821,Olivia,2023-09-03
2822,Fiadh,2016-11-23
2823,Aoife,2013-07-29
2824,Emily,2023-07-07
2825,Charlotte,2017-09-03
2826,Lily,2018-02-08
2827,Isla,2018-12-11
2828,Sophia,2021-03-28
2829,Freya,2012-02-15
2830,Annie,2011-11-14
2831,Ella,2024-11-20
2832,Nora,2019-06-02
2833,Emma,2012-02-27
2834,Olivia,2019-09-26
2835,Sofie,2015-01-12
2836,Ella,2025-07-28
2837,Maja,2023-06-08
2838,Sofia,2025-10-29
2839,Leah,2010-02-23
2840,Selma,2012-06-01
2841,Ellinor,2024-08-27
2842,Maja,2016-10-22
2843,Zofia,2014-06-22
2844,Zuzanna,2010-10-06
2845,Hanna,2017-09-18
2846,Laura,2011-12-08
2847,Julia,2014-07-14
2848,Oliwia,2016-02-05
2849,Pola,2021-02-23
2850,Alicja,2022-11-11
2851,Maria,2017-11-26
2852,Maria,2019-01-13
2853,Alice,2018-10-11
2854,Benedita,2014-11-02
2855,Matilde,2022-06-11
2856,Leonor,2014-10-12
2857,Carolina,2020-04-12
2858,Aurora,2025-04-16
2859,Camilla,2024-06-29
2860,Margarida,2013-02-10
2861,Beatriz,2017-03-08
2862,Maria,2015-04-09
2863,Ioana,2023-06-27
2864,Elena,2016-11-26
2865,Stefania,2016-09-28
2866,Sofia,2015-11-04
2867,Anastasia,2016-07-09
2868,Andreea,2025-02-21
2869,Eva,2015-11-30
2870,Antonia,2021-07-26
2871,Gabriela,2024-12-28
2872,Sofiya,2022-08-11
2873,Anna,2014-06-27
2874,Mariya,2011-10-11
2875,Yeva,2018-11-04
2876,Viktoriya,2023-01-27
2877,Vasilisa,2011-11-07
2878,Varvara,2016-08-17
2879,Aleksandra,2023-01-18
2880,Polina,2022-12-05
2881,Alisa,2022-07-04
2882,Anastasia,2010-02-10
2883,Yelena,2025-12-19
2884,Olga,2022-06-02
2885,Natalia,2013-06-03
2886,Yekaterina,2019-03-11
2887,Anna,2015-01-25
2888,Tatiana,2025-05-12
2889,Maria,2021-08-19
2890,Irina,2011-10-29
2891,Yulia,2023-08-07
2892,Aurora,2016-08-10
2893,Sofia,2022-01-26
2894,Olivia,2020-03-02
2895,Isla,2015-10-24
2896,Freya,2021-10-10
2897,Lily,2017-05-16
2898,Millie,2012-01-08
2899,Sophia,2022-08-21
2900,Amelia,2015-06-02
2901,Emily,2022-10-28
2902,Ella,2018-03-14
2903,Charlotte,2021-04-18
2904,Ava,2019-01-20
2905,Bonnie,2010-10-01
2906,Milica,2015-06-03
2907,Jelena,2011-11-03
2908,Marija,2018-01-05
2909,Mirjana,2025-07-13
2910,Dragana,2022-12-29
2911,Snežana,2021-02-25
2912,Ljiljana,2023-03-09
2913,Ivana,2018-10-22
2914,Ana,2020-11-02
2915,Gordana,2015-01-02
2916,Sofija,2010-06-14
2917,Dunja,2012-06-04
2918,Mila,2017-09-25
2919,Teodora,2013-09-29
2920,Tara,2019-07-23
2921,Maša,2014-09-25
2922,Nada,2011-11-28
2923,Petra,2015-02-15
2924,Milica,2018-06-29
2925,Una,2010-06-23
2926,Sofia,2021-05-21
2927,Eliška,2022-10-09
2928,Viktória,2020-09-20
2929,Nina,2014-03-01
2930,Natália,2020-08-28
2931,Ema,2013-05-05
2932,Sára,2013-07-20
2933,Nela,2019-12-21
2934,Olívia,2016-10-18
2935,Mia,2018-07-12
2936,Ema,2013-06-04
2937,Hana,2024-06-07
2938,Zala,2016-10-16
2939,Mia,2022-01-12
2940,Julija,2011-12-03
2941,Sofija,2011-04-21
2942,Ela,2021-11-20
2943,Ajda,2012-06-04
2944,Vita,2024-04-01
2945,Mila,2023-05-28
2946,Lucía,2020-07-29
2947,Sofía,2024-02-17
2948,Martina,2014-02-08
2949,María,2025-09-14
2950,Julia,2018-01-06
2951,Valeria,2018-02-16
2952,Olivia,2021-11-21
2953,Emma,2020-10-26
2954,Paula,2010-07-27
2955,Vega,2020-11-18
2956,Malen,2025-09-25
2957,Laia,2019-12-14
2958,Ane,2023-12-23
2959,Nora,2023-10-29
2960,June,2020-12-17
2961,Alaia,2024-06-05
2962,Lucía,2019-12-09
2963,Maddi,2015-06-03
2964,Nahia,2022-01-02
2965,Martina,2012-08-16
2966,Martina,2019-01-13
2967,Júlia,2011-10-08
2968,Mia,2019-10-08
2969,Emma,2014-04-26
2970,Lucía,2012-09-09
2971,Ona,2019-12-05
2972,Gala,2020-07-09
2973,Sofía,2022-11-24
2974,Aina,2025-06-22
2975,Olivia,2014-12-29
2976,Alma,2014-03-23
2977,Alice,2020-02-15
2978,Olivia,2020-10-12
2979,Elsa,2024-10-11
2980,Vera,2018-12-10
2981,Saga,2016-09-16
2982,Selma,2022-03-07
2983,Astrid,2010-11-19
2984,Ella,2014-07-07
2985,Signe,2014-05-10
2986,Emma,2017-02-27
2987,Mia,2023-11-17
2988,Sofia,2019-03-18
2989,Emilia,2022-02-27
2990,Lina,2019-06-27
2991,Elena,2013-11-21
2992,Mila,2021-02-02
2993,Olivia,2022-02-09
2994,Nora,2015-12-31
2995,Lia,2025-11-06
2996,Yeva,2020-06-25
2997,Mariya,2016-10-28
2998,Milana,2015-09-26
2999,Sofiya,2016-06-21
3000,Solomiya,2024-09-06
3001,Anna,2015-07-13
3002,Sofiya,2017-12-01
3003,Mariya,2017-10-01
3004,Kateryna,2020-09-06
3005,Solomiya,2012-05-28
3006,Polina,2019-06-18
3007,Viktoriya,2014-02-23
3008,Milana,2020-11-29
3009,Olivia,2011-11-17
3010,Amelia,2019-03-20
3011,Isla,2016-11-07
3012,Poppy,2014-09-13
3013,Freya,2011-11-28
3014,Ivy,2013-11-12
3015,Bonnie,2014-12-08
3016,Lottie,2025-06-19
3017,Harper,2015-12-30
3018,Lily,2011-12-08
3019,Elsie,2023-10-09
3020,Millie,2014-11-17
3021,Oliver,2016-12-08
3022,Noah,2018-12-25
3023,Theodore,2021-12-12
3024,Henry,2013-05-07
3025,Luca,2020-12-13
3026,Leo,2012-09-26
3027,Hudson,2014-05-09
3028,Charlie,2015-09-05
3029,Jack,2018-01-21
3030,William,2020-02-04
3031,José,2023-01-13
3032,João,2017-10-27
3033,Francisco,2018-10-31
3034,Pedro,2023-02-07
3035,Domingos,2018-04-09
3036,David,2016-08-11
3037,Mario,2017-07-15
3038,John,2019-06-10
3039,Manuel,2021-04-10
3040,Luis,2015-12-29
3041,Manea,2017-04-04
3042,Hia'ai,2013-11-23
3043,Kahanui,2016-02-22
3044,Noah,2018-09-23
3045,Elijah,2017-03-27
3046,Ezra,2021-10-14
3047,Liam,2024-06-13
3048,Theodore,2015-01-09
3049,Luca,2012-11-01
3050,Kai,2014-06-04
3051,Levi,2017-04-29
3052,Luke,2015-04-11
3053,Oliver,2013-08-29
3054,Ezekiel,2018-01-20
3055,James,2012-02-24
3056,Leo,2013-03-14
3057,Mateo,2017-08-05
3058,Maverick,2025-06-15
3059,Roman,2023-02-18
3060,Asher,2020-04-17
3061,Isaiah,2018-03-31
3062,Luka,2012-12-05
3063,Micah,2019-02-05
3064,Gabriel,2024-06-19
3065,Samuel,2021-12-20
3066,Emmanuel,2021-05-16
3067,Joseph,2019-01-01
3068,Kayden,2025-01-19
3069,Noah,2017-06-16
3070,Oliver,2023-07-06
3071,Jack,2014-11-11
3072,George,2024-09-03
3073,Luca,2019-01-25
3074,Leo,2018-09-22
3075,Theodore,2020-12-14
3076,Theo,2012-05-10
3077,Elijah,2010-11-16
3078,Arthur,2022-05-09
3079,Ariki,2010-04-22
3080,Wiremu,2021-11-19
3081,Koa,2011-11-12
3082,Mikaere,2020-03-08
3083,Rangi,2010-09-27
3084,Nikau,2022-11-07
3085,Rawiri,2016-11-27
3086,Kiwa,2010-04-10
3087,Kahurangi,2023-08-15
3088,Manaaki,2021-10-20
3089,Hiro,2023-10-13
3090,Teiki,2015-11-16
3091,Moana,2016-11-20
3092,Manua,2012-05-21
3093,Marama,2022-10-02
3094,Teiva,2024-05-05
3095,Teva,2022-12-28
3096,Maui,2014-01-01
3097,Tehei,2018-10-11
3098,Tamatoa,2015-09-27
3099,Ioane,2018-10-08
3100,Tapuarii,2023-03-23
3101,Charlotte,2023-07-20
3102,Amelia,2023-08-28
3103,Isla,2024-02-07
3104,Olivia,2015-02-16
3105,Mia,2021-05-12
3106,Hazel,2014-03-05
3107,Harper,2025-04-23
3108,Matilda,2015-09-07
3109,Sophie,2017-05-09
3110,Grace,2018-05-06
3111,Ana,2019-07-09
3112,Joana,2014-02-28
3113,Isabel,2015-07-11
3114,Filomena,2011-11-26
3115,Elizabeth,2014-02-12
3116,Sandra,2021-12-15
3117,Rui,2023-10-04
3118,Nina,2016-03-18
3119,Juliana,2014-08-15
3120,Rita,2016-01-16
3121,Kiana,2010-03-22
3122,Ohana,2022-12-22
3123,Merahi,2016-07-16
3124,Olivia,2021-03-26
3125,Emma,2021-10-12
3126,Kaia,2022-11-16
3127,Amelia,2022-12-29
3128,Lily,2013-07-17
3129,Mia,2020-12-30
3130,Sophia,2025-05-25
3131,Ava,2022-11-30
3132,Isla,2017-03-02
3133,Aurora,2014-10-04
3134,Chloe,2014-08-10
3135,Charlotte,2018-09-04
3136,Isabella,2011-07-13
3137,Zoé,2013-04-14
3138,Léna,2012-04-07
3139,Eva,2022-10-27
3140,Maya,2023-04-15
3141,Olivia,2021-09-04
3142,Isla,2011-06-30
3143,Amelia,2019-03-06
3144,Charlotte,2014-06-05
3145,Isabella,2025-04-29
3146,Olivia,2011-10-02
3147,Lily,2014-12-20
3148,Hazel,2015-11-07
3149,Harper,2015-07-15
3150,Mila,2011-09-01
3151,Mia,2025-09-19
3152,Aroha,2025-07-09
3153,Maia,2020-08-30
3154,Moana,2015-10-29
3155,Anahera,2011-06-07
3156,Atarangi,2020-04-10
3157,Manaia,2017-02-17
3158,Rangimarie,2021-12-10
3159,Rangi,2017-04-29
3160,Marama,2011-03-10
3161,Tui,2017-08-28
3162,Tiare,2012-06-10
3163,Hinano,2011-06-24
3164,Poema,2010-11-25
3165,Maeva,2020-11-06
3166,Hina,2016-03-23
3167,Vaea,2016-10-07
3168,Titaua,2010-07-03
3169,Moea,2011-07-10
3170,Moeata,2010-01-09
3171,Tarita,2021-11-21
3172,Titaina,2011-05-19
3173,Teura,2020-01-25
3174,Heikapu,2019-09-18
3175,Mareva,2024-12-11
